Date,ProductID,Region,SalesVolume,CurrentStock,ReorderLevel,DailyCapacity,CurrentUtilization,LaborCost,MaterialCost,TransportCost,SeasonalityIndex,ExternalFactor,TargetAllocation
2023-01-01,P12345,Asia,858,133,181,1187,0.75,46.33,18.02,8.99,1.27,Strike,1913
2023-01-02,P12345,North America,998,277,198,1127,0.87,65.72,28.35,5.51,1.17,Weather Disruption,2009
2023-01-03,P12345,Asia,342,58,192,939,0.81,64.61,16.72,7.42,0.87,None,1029
2023-01-04,P12345,Asia,642,215,151,703,0.91,53.22,15.06,8.0,1.37,Weather Disruption,1411
2023-01-05,P12345,North America,139,225,128,985,0.89,43.97,22.53,6.01,1.41,None,960
2023-01-06,P12345,North America,328,298,137,1332,0.69,51.47,23.75,5.15,0.92,Strike,1071
2023-01-07,P12345,Asia,647,237,141,530,0.7,58.58,23.68,9.74,1.4,None,1158
2023-01-08,P12345,Europe,322,112,120,887,0.64,53.63,15.82,9.75,1.41,Weather Disruption,965
2023-01-09,P12345,Asia,105,263,141,1124,0.72,63.41,19.71,5.03,1.18,Weather Disruption,801
2023-01-10,P12345,Asia,421,295,112,1376,0.95,69.93,22.49,6.36,1.26,Strike,1690
2023-01-11,P12345,Asia,567,294,163,933,0.74,45.73,18.25,9.81,1.07,Weather Disruption,1150
2023-01-12,P12345,Asia,831,166,116,1336,0.68,53.79,28.09,3.03,1.0,Weather Disruption,1656
2023-01-13,P12345,North America,174,179,108,1425,0.87,52.93,16.31,5.89,1.31,None,1378
2023-01-14,P12345,Asia,103,137,140,875,0.79,49.13,22.31,3.7,1.4,Weather Disruption,766
2023-01-15,P12345,Europe,946,121,100,843,0.65,45.94,25.37,6.56,1.26,None,1679
2023-01-16,P12345,North America,745,188,101,942,0.73,41.97,18.93,3.17,1.16,Strike,1457
2023-01-17,P12345,Europe,217,113,159,1078,0.75,66.61,24.36,5.85,0.91,Weather Disruption,949
2023-01-18,P12345,Europe,980,254,147,574,0.86,52.6,27.44,4.54,0.84,None,1189
2023-01-19,P12345,Europe,705,258,128,1056,0.61,54.91,17.86,6.73,1.11,Weather Disruption,1297
2023-01-20,P12345,Europe,603,121,196,1271,0.69,67.51,28.76,9.97,0.83,None,1316
2023-01-21,P12345,North America,673,70,109,1165,0.78,63.29,23.3,8.6,1.2,Strike,1681
2023-01-22,P12345,North America,540,67,157,654,0.69,43.92,19.49,8.92,1.07,None,995
2023-01-23,P12345,Europe,293,271,159,929,0.82,56.96,21.46,7.45,1.33,Weather Disruption,1015
2023-01-24,P12345,Europe,946,113,120,862,0.77,53.27,19.68,3.29,1.01,None,1562
2023-01-25,P12345,North America,814,131,127,947,0.73,63.92,25.88,4.45,1.22,Weather Disruption,1618
2023-01-26,P12345,North America,491,159,174,1486,0.93,61.73,26.94,9.48,1.18,Strike,1881
2023-01-27,P12345,North America,125,288,133,733,0.82,60.71,27.49,5.56,0.8,None,557
2023-01-28,P12345,Asia,534,144,107,1062,0.65,50.22,29.79,3.73,0.85,Weather Disruption,1072
2023-01-29,P12345,Asia,272,215,158,1317,0.8,64.15,26.87,7.92,1.0,Weather Disruption,1218
2023-01-30,P12345,Asia,399,81,185,761,0.87,41.57,24.02,5.1,1.42,Weather Disruption,1188
2023-01-31,P12345,Europe,744,60,171,1326,0.85,44.79,20.09,4.88,0.9,None,1766
2023-02-01,P12345,Asia,425,94,148,624,0.66,50.07,23.17,9.99,1.3,None,917
2023-02-02,P12345,Europe,509,266,178,1410,0.94,42.3,15.62,9.01,1.48,None,1945
2023-02-03,P12345,Europe,217,82,116,744,0.76,47.05,26.17,5.86,1.35,Strike,817
2023-02-04,P12345,Asia,935,151,159,1041,0.66,64.9,21.69,9.86,0.97,Weather Disruption,1518
2023-02-05,P12345,Europe,886,218,186,1437,0.66,68.45,15.3,7.55,1.44,Weather Disruption,2115
2023-02-06,P12345,Asia,823,185,187,984,0.63,49.14,15.94,8.19,0.87,Strike,1243
2023-02-07,P12345,Asia,324,60,144,621,0.88,47.94,20.81,3.22,1.13,Strike,882
2023-02-08,P12345,North America,631,263,182,624,0.64,48.4,23.75,3.85,1.42,None,1163
2023-02-09,P12345,Asia,212,228,168,1048,0.64,48.33,21.96,7.43,1.25,None,821
2023-02-10,P12345,North America,239,137,131,669,0.9,41.08,24.29,9.29,1.09,None,794
2023-02-11,P12345,Asia,658,90,143,623,0.72,67.81,22.2,7.37,1.0,None,1061
2023-02-12,P12345,Asia,100,194,164,1368,0.61,46.41,24.93,3.94,1.06,None,843
2023-02-13,P12345,North America,189,125,186,534,0.62,52.6,18.29,3.81,1.16,None,487
2023-02-14,P12345,North America,753,170,107,586,0.65,40.29,16.69,8.91,1.02,Strike,1063
2023-02-15,P12345,Asia,419,95,176,1145,0.67,65.74,23.95,3.98,1.48,Strike,1339
2023-02-16,P12345,Europe,649,209,171,1207,0.83,61.93,22.27,6.64,1.45,Strike,1838
2023-02-17,P12345,North America,904,256,186,1285,0.66,68.4,15.4,3.26,1.41,Weather Disruption,1994
2023-02-18,P12345,Europe,993,129,142,700,0.64,63.45,20.71,3.56,1.1,Weather Disruption,1475
2023-02-19,P12345,Europe,238,103,100,868,0.87,49.41,16.59,7.71,1.28,None,1008
2023-02-20,P12345,Europe,610,135,150,1296,0.83,47.44,22.97,7.82,1.43,Strike,1880
2023-02-21,P12345,North America,967,141,123,576,0.75,60.93,20.94,5.39,1.4,Weather Disruption,1715
2023-02-22,P12345,Europe,944,197,198,558,0.79,50.92,24.2,4.51,1.09,Weather Disruption,1371
2023-02-23,P12345,North America,358,210,123,930,0.71,56.99,27.08,8.7,0.88,Strike,870
2023-02-24,P12345,Europe,772,251,116,1137,0.77,40.19,19.5,4.52,0.85,Weather Disruption,1406
2023-02-25,P12345,Asia,789,217,104,999,0.78,41.86,29.43,6.79,1.2,Weather Disruption,1617
2023-02-26,P12345,Asia,109,209,119,1412,0.74,56.06,23.03,9.78,1.25,Strike,1076
2023-02-27,P12345,North America,360,291,120,608,0.92,56.98,24.27,4.03,1.39,Weather Disruption,914
2023-02-28,P12345,Asia,749,146,157,1235,0.61,62.54,25.21,9.59,1.0,Strike,1429
2023-03-01,P12345,Asia,271,51,130,777,0.87,43.96,25.0,4.28,0.92,Weather Disruption,899
2023-03-02,P12345,Europe,997,274,199,567,0.64,55.4,22.66,6.97,1.07,Strike,1292
2023-03-03,P12345,North America,112,82,110,568,0.88,45.83,21.43,5.64,1.05,Weather Disruption,576
2023-03-04,P12345,Europe,267,282,151,664,0.82,42.8,15.81,9.75,0.89,Weather Disruption,641
2023-03-05,P12345,Europe,741,254,114,988,0.9,52.31,15.33,4.91,1.27,Strike,1703
2023-03-06,P12345,Europe,695,207,182,804,0.63,44.9,20.37,5.8,1.16,Weather Disruption,1209
2023-03-07,P12345,Europe,420,210,106,1408,0.8,46.65,20.0,9.88,1.3,Strike,1567
2023-03-08,P12345,Europe,418,126,127,1173,0.78,49.53,20.82,6.76,1.05,Strike,1290
2023-03-09,P12345,Europe,712,165,150,864,0.85,47.78,17.08,6.52,1.03,Weather Disruption,1385
2023-03-10,P12345,Europe,428,203,157,1353,0.79,42.63,26.07,4.8,1.13,None,1451
2023-03-11,P12345,North America,884,199,104,1320,0.79,42.7,27.85,7.91,1.41,Weather Disruption,2189
2023-03-12,P12345,Asia,876,152,104,878,0.75,45.8,29.08,3.1,0.83,None,1309
2023-03-13,P12345,Europe,649,243,193,842,0.71,41.52,22.39,3.35,1.36,None,1358
2023-03-14,P12345,Europe,518,215,195,1446,0.77,58.79,25.51,7.2,1.06,Weather Disruption,1555
2023-03-15,P12345,Europe,705,152,107,1398,0.64,48.62,27.83,5.39,1.4,None,1805
2023-03-16,P12345,Europe,194,139,163,1053,0.94,48.39,21.27,9.67,1.36,Strike,1184
2023-03-17,P12345,Europe,916,223,109,853,0.85,49.96,19.64,9.32,1.04,Strike,1566
2023-03-18,P12345,Europe,680,171,137,915,0.93,59.88,29.05,8.0,1.29,None,1642
2023-03-19,P12345,Asia,417,291,195,608,0.68,66.12,22.74,8.73,0.91,Strike,647
2023-03-20,P12345,Asia,335,192,191,1062,0.91,62.77,22.46,7.67,1.43,Weather Disruption,1349
2023-03-21,P12345,Europe,433,275,180,1261,0.88,61.83,17.68,3.88,1.08,Strike,1439
2023-03-22,P12345,Asia,984,155,194,996,0.84,54.53,16.62,8.36,1.12,None,1861
2023-03-23,P12345,North America,475,168,107,840,0.82,60.81,27.63,4.47,1.29,Weather Disruption,1217
2023-03-24,P12345,Europe,558,221,124,1441,0.71,56.58,24.21,5.26,1.37,Strike,1677
2023-03-25,P12345,North America,236,98,172,882,0.89,46.49,19.89,8.73,0.97,Weather Disruption,964
2023-03-26,P12345,North America,687,153,165,1032,0.78,46.26,17.88,6.76,1.26,None,1594
2023-03-27,P12345,Europe,646,252,178,799,0.62,48.89,23.33,9.02,1.07,Strike,1060
2023-03-28,P12345,Asia,612,110,149,638,0.71,67.32,23.76,4.49,1.06,Weather Disruption,1046
2023-03-29,P12345,North America,395,244,166,858,0.93,56.42,18.1,7.25,1.28,Weather Disruption,1181
2023-03-30,P12345,Europe,419,172,148,1335,0.9,62.02,27.77,3.59,1.07,Strike,1563
2023-03-31,P12345,North America,671,183,135,998,0.94,50.4,16.26,7.5,1.04,Weather Disruption,1544
2023-04-01,P12345,North America,931,58,167,884,0.82,52.23,20.34,8.34,1.39,Weather Disruption,1989
2023-04-02,P12345,North America,448,55,177,1103,0.69,43.77,25.21,7.09,0.87,None,1123
2023-04-03,P12345,North America,939,122,140,1458,0.66,45.14,19.11,4.86,1.27,None,2093
2023-04-04,P12345,Asia,878,152,188,779,0.67,64.82,27.42,3.22,0.97,None,1297
2023-04-05,P12345,North America,972,272,161,1136,0.61,57.55,26.1,3.84,0.81,None,1344
2023-04-06,P12345,North America,328,209,109,982,0.74,50.13,26.84,7.36,0.92,None,923
2023-04-07,P12345,North America,369,90,120,1408,0.67,64.09,16.79,9.54,1.22,None,1348
2023-04-08,P12345,Asia,927,163,135,610,0.74,47.4,17.11,4.45,1.3,Strike,1575
2023-04-09,P12345,North America,897,253,111,1365,0.93,69.28,19.3,8.15,0.81,None,1869
2023-04-10,P12345,North America,390,57,190,638,0.75,50.34,22.77,9.07,0.83,Weather Disruption,773
2023-04-11,P12345,Asia,824,121,101,1495,0.91,50.12,26.22,6.65,1.43,Strike,2478
2023-04-12,P12345,Asia,264,227,112,934,0.81,49.36,27.55,7.68,0.85,Weather Disruption,867
2023-04-13,P12345,Asia,104,141,152,1008,0.69,43.66,25.57,8.71,1.43,None,773
2023-04-14,P12345,North America,950,111,131,772,0.72,43.33,28.93,4.82,0.96,None,1412
2023-04-15,P12345,Asia,478,133,194,598,0.63,59.44,26.08,5.08,1.32,Weather Disruption,941
2023-04-16,P12345,Asia,177,111,115,1263,0.72,66.25,19.59,3.0,1.02,Weather Disruption,1034
2023-04-17,P12345,North America,509,160,131,1349,0.84,63.72,18.98,9.74,1.4,Weather Disruption,1765
2023-04-18,P12345,Asia,673,176,131,603,0.63,44.23,25.44,9.42,1.29,Strike,1160
2023-04-19,P12345,North America,231,56,197,713,0.67,56.37,17.89,8.35,1.08,None,699
2023-04-20,P12345,Europe,700,252,110,1260,0.73,43.17,16.39,3.55,0.85,Weather Disruption,1388
2023-04-21,P12345,Asia,848,133,109,1163,0.94,41.36,22.98,6.13,1.31,None,2137
2023-04-22,P12345,Europe,141,257,114,1261,0.87,59.69,27.32,3.71,1.23,Weather Disruption,1142
2023-04-23,P12345,North America,188,181,116,1286,0.86,56.05,16.52,3.11,0.8,None,1165
2023-04-24,P12345,Asia,501,183,139,664,0.64,42.46,26.88,7.31,0.81,Strike,739
2023-04-25,P12345,North America,395,107,117,1498,0.87,41.05,27.17,9.73,1.37,None,1790
2023-04-26,P12345,Europe,939,71,154,1352,0.87,69.69,22.23,9.32,0.98,Weather Disruption,2060
2023-04-27,P12345,North America,394,203,172,1019,0.81,40.9,15.86,7.88,1.25,None,1216
2023-04-28,P12345,Asia,715,176,124,783,0.95,53.34,17.62,3.68,1.12,Strike,1456
2023-04-29,P12345,Asia,625,52,158,1016,0.71,55.14,25.61,4.92,1.4,Strike,1570
2023-04-30,P12345,Europe,899,176,177,1156,0.93,43.52,25.68,5.24,1.44,None,2281
2023-05-01,P12345,North America,790,90,188,1112,0.92,45.07,28.48,8.34,1.5,Weather Disruption,2163
2023-05-02,P12345,Asia,736,237,121,663,0.6,50.55,23.74,8.62,0.91,Strike,949
2023-05-03,P12345,Europe,521,155,129,1385,0.76,62.85,16.86,5.7,1.4,Strike,1704
2023-05-04,P12345,Asia,964,63,183,1158,0.94,55.21,16.82,5.93,0.99,None,2011
2023-05-05,P12345,Asia,122,252,184,563,0.64,59.14,25.82,3.31,1.21,Strike,381
2023-05-06,P12345,North America,674,259,143,590,0.79,69.56,17.76,5.02,1.15,Strike,1111
2023-05-07,P12345,Asia,242,295,131,616,0.94,63.04,19.93,6.16,0.81,Weather Disruption,627
2023-05-08,P12345,North America,764,61,150,1365,0.79,53.03,22.31,3.82,1.45,Weather Disruption,2155
2023-05-09,P12345,Asia,244,136,145,766,0.67,53.39,15.37,6.17,0.85,Weather Disruption,652
2023-05-10,P12345,Europe,324,61,120,1321,0.8,58.56,18.73,8.97,1.28,None,1441
2023-05-11,P12345,Asia,602,190,198,1184,0.67,59.96,21.12,7.07,1.35,Strike,1510
2023-05-12,P12345,North America,920,74,131,1058,0.78,55.02,19.19,3.55,1.36,None,2039
2023-05-13,P12345,North America,715,94,193,639,0.63,59.35,17.05,4.34,0.89,Strike,991
2023-05-14,P12345,Europe,203,292,138,745,0.81,40.71,25.92,6.32,1.11,Strike,682
2023-05-15,P12345,Asia,138,171,111,1160,0.78,52.89,27.2,5.53,1.38,Strike,1009
2023-05-16,P12345,Asia,297,196,146,1257,0.86,48.37,18.86,5.51,1.01,Weather Disruption,1282
2023-05-17,P12345,Europe,745,104,117,894,0.82,43.88,26.62,6.7,1.13,None,1522
2023-05-18,P12345,Asia,678,287,120,986,0.79,42.99,20.78,7.09,0.99,None,1306
2023-05-19,P12345,Asia,490,149,112,975,0.84,58.1,22.6,8.58,1.12,Strike,1293
2023-05-20,P12345,North America,278,222,120,1016,0.65,55.71,27.84,5.39,1.42,None,944
2023-05-21,P12345,Asia,653,185,107,1476,0.81,47.61,26.25,8.64,1.12,Weather Disruption,1834
2023-05-22,P12345,Asia,547,270,145,683,0.66,54.13,27.08,5.37,1.19,None,966
2023-05-23,P12345,Europe,599,168,106,519,0.92,54.77,17.05,3.39,1.08,Strike,1040
2023-05-24,P12345,Europe,114,102,122,1436,0.62,45.85,16.05,6.88,1.12,Weather Disruption,967
2023-05-25,P12345,North America,722,232,195,1057,0.75,59.56,28.4,7.12,0.81,Weather Disruption,1261
2023-05-26,P12345,Asia,768,81,174,1023,0.84,63.43,20.82,9.54,1.0,Strike,1586
2023-05-27,P12345,Asia,388,100,185,1081,0.76,63.74,19.32,8.08,1.11,None,1202
2023-05-28,P12345,Asia,577,93,121,1028,0.63,58.07,25.87,9.42,1.24,Strike,1316
2023-05-29,P12345,North America,330,131,188,1382,0.79,55.35,27.55,9.36,1.12,None,1395
2023-05-30,P12345,North America,519,247,121,646,0.82,41.83,27.94,7.23,1.04,None,945
2023-05-31,P12345,Europe,256,195,191,1165,0.85,48.63,19.74,6.69,1.07,Weather Disruption,1166
2023-06-01,P12345,North America,649,260,128,803,0.73,42.8,27.78,6.9,0.97,Strike,1085
2023-06-02,P12345,Asia,540,199,112,1119,0.8,68.91,15.61,9.85,1.45,Weather Disruption,1578
2023-06-03,P12345,Asia,196,86,181,1247,0.76,44.05,15.74,8.41,1.17,Strike,1134
2023-06-04,P12345,North America,510,145,101,1319,0.84,44.55,24.35,3.74,0.81,Strike,1448
2023-06-05,P12345,Asia,388,105,128,1363,0.8,66.69,15.95,8.45,0.81,Weather Disruption,1352
2023-06-06,P12345,Asia,353,154,184,1081,0.78,68.32,19.87,4.19,1.48,Strike,1288
2023-06-07,P12345,North America,295,108,178,1194,0.69,62.97,25.09,6.13,0.96,Strike,1053
2023-06-08,P12345,North America,697,180,151,1261,0.6,40.16,20.06,4.47,1.36,None,1614
2023-06-09,P12345,Asia,933,205,126,727,0.66,40.04,17.69,7.83,0.84,Strike,1161
2023-06-10,P12345,Asia,621,251,149,601,0.64,51.34,19.22,9.14,1.44,Strike,1153
2023-06-11,P12345,Asia,616,292,194,1086,0.76,44.3,21.86,5.03,1.41,Weather Disruption,1547
2023-06-12,P12345,Europe,734,84,178,916,0.81,40.55,22.13,3.57,1.2,Weather Disruption,1580
2023-06-13,P12345,Europe,941,238,122,1457,0.67,53.92,26.75,5.09,0.81,Strike,1619
2023-06-14,P12345,Europe,964,142,187,715,0.93,68.29,26.25,7.71,0.98,None,1538
2023-06-15,P12345,North America,217,231,143,906,0.6,49.71,21.85,5.3,1.08,None,662
2023-06-16,P12345,Europe,905,240,176,898,0.87,59.83,27.69,4.95,1.12,Weather Disruption,1674
2023-06-17,P12345,North America,258,256,121,1422,0.82,59.57,16.71,4.29,1.01,Strike,1298
2023-06-18,P12345,North America,914,146,142,1214,0.73,47.53,18.83,6.48,0.82,Strike,1562
2023-06-19,P12345,Europe,327,184,136,1203,0.62,59.51,27.42,4.93,1.21,None,1049
2023-06-20,P12345,Europe,976,125,160,1260,0.82,46.37,20.67,8.12,1.17,None,2112
2023-06-21,P12345,Europe,315,98,196,998,0.73,43.66,29.72,3.54,1.0,None,994
2023-06-22,P12345,Asia,795,143,155,1253,0.93,61.04,21.99,7.65,0.83,Weather Disruption,1753
2023-06-23,P12345,Europe,114,262,102,964,0.79,43.4,26.88,4.66,1.5,Strike,801
2023-06-24,P12345,Asia,256,208,162,1190,0.93,69.91,21.03,6.42,1.14,Weather Disruption,1294
2023-06-25,P12345,North America,747,235,118,1448,0.68,45.5,21.37,5.0,1.33,Strike,1860
2023-06-26,P12345,Asia,360,238,122,1473,0.85,57.82,20.74,8.06,1.12,Weather Disruption,1536
2023-06-27,P12345,Europe,256,73,128,1230,0.82,52.34,25.79,9.62,0.83,Strike,1184
2023-06-28,P12345,North America,146,197,129,581,0.86,43.79,23.21,9.42,1.02,None,550
2023-06-29,P12345,North America,423,86,138,1103,0.68,40.84,29.16,7.08,1.02,None,1138
2023-06-30,P12345,North America,943,53,124,1446,0.83,58.68,18.76,6.24,1.39,None,2484
2023-07-01,P12345,Asia,784,269,107,1186,0.77,64.2,16.51,8.73,1.26,Weather Disruption,1766
2023-07-02,P12345,Europe,229,157,157,1250,0.86,65.26,20.9,7.78,0.99,None,1223
2023-07-03,P12345,North America,510,175,115,1271,0.71,54.48,24.25,4.28,1.48,Strike,1569
2023-07-04,P12345,North America,194,69,171,1402,0.91,63.32,27.91,8.75,1.03,Weather Disruption,1441
2023-07-05,P12345,North America,726,237,100,864,0.63,60.19,20.19,6.0,1.5,Strike,1514
2023-07-06,P12345,Asia,854,201,104,662,0.88,61.73,24.81,4.32,1.5,Weather Disruption,1763
2023-07-07,P12345,Asia,391,99,102,547,0.9,54.78,20.25,4.97,0.93,Strike,806
2023-07-08,P12345,Europe,893,226,164,1010,0.89,59.0,24.26,4.87,1.02,Strike,1696
2023-07-09,P12345,Asia,910,228,103,828,0.78,64.17,28.27,6.63,1.14,Weather Disruption,1569
2023-07-10,P12345,North America,382,145,198,1339,0.75,51.94,18.47,4.64,1.26,Weather Disruption,1413
2023-07-11,P12345,Europe,168,154,195,615,0.95,64.18,21.06,3.86,1.17,None,703
2023-07-12,P12345,North America,759,213,163,1440,0.68,57.76,29.9,3.87,1.48,None,1996
2023-07-13,P12345,North America,110,299,197,1348,0.79,44.98,28.03,7.08,1.31,Strike,1059
2023-07-14,P12345,Asia,353,166,188,836,0.83,40.74,23.47,8.14,0.95,Strike,946
2023-07-15,P12345,Europe,941,147,109,1380,0.85,50.88,22.75,5.25,0.87,Strike,1918
2023-07-16,P12345,Asia,971,277,120,1236,0.67,56.4,19.27,3.24,1.28,Weather Disruption,1932
2023-07-17,P12345,Asia,649,115,145,1363,0.83,65.19,22.76,3.89,0.91,Weather Disruption,1664
2023-07-18,P12345,Europe,233,128,190,1339,0.89,43.82,27.72,9.4,1.35,None,1442
2023-07-19,P12345,North America,811,211,126,646,0.62,64.01,25.28,6.45,1.02,Strike,1122
2023-07-20,P12345,North America,122,213,165,1074,0.92,65.89,19.35,6.18,1.03,None,1007
2023-07-21,P12345,Europe,914,55,140,1305,0.61,44.52,18.02,3.27,0.81,Weather Disruption,1508
2023-07-22,P12345,North America,445,88,112,822,0.72,65.55,18.98,8.1,1.29,Weather Disruption,1121
2023-07-23,P12345,Europe,401,219,108,942,0.61,69.74,17.55,6.7,0.88,Weather Disruption,818
2023-07-24,P12345,Europe,462,292,135,1336,0.63,61.81,16.43,4.41,1.34,None,1314
2023-07-25,P12345,Asia,495,164,185,512,0.92,63.54,21.29,3.77,1.14,Weather Disruption,953
2023-07-26,P12345,Europe,317,235,189,1442,0.72,69.83,16.7,5.68,1.35,Strike,1348
2023-07-27,P12345,Asia,240,295,157,993,0.75,58.16,17.58,8.86,1.21,None,887
2023-07-28,P12345,North America,715,174,153,1200,0.68,49.24,23.21,9.06,0.86,Weather Disruption,1343
2023-07-29,P12345,North America,309,61,111,786,0.81,65.13,17.47,7.22,1.34,None,1020
2023-07-30,P12345,North America,722,180,180,1219,0.81,58.43,15.96,8.09,0.85,None,1511
2023-07-31,P12345,North America,715,286,177,613,0.73,57.44,19.76,3.81,1.14,Weather Disruption,1119
2023-08-01,P12345,Asia,927,67,113,979,0.72,47.61,18.3,7.12,0.92,Weather Disruption,1524
2023-08-02,P12345,North America,782,89,133,521,0.91,62.69,22.73,7.67,1.33,None,1469
2023-08-03,P12345,Europe,559,70,152,848,0.73,42.45,16.54,4.4,1.44,None,1389
2023-08-04,P12345,Europe,455,192,119,1225,0.77,67.73,26.28,9.16,1.19,Weather Disruption,1388
2023-08-05,P12345,Europe,423,274,174,1182,0.7,49.77,28.59,4.36,1.17,Strike,1185
2023-08-06,P12345,Asia,232,148,115,1334,0.88,43.83,26.15,5.19,1.33,None,1408
2023-08-07,P12345,North America,987,75,194,1065,0.74,53.27,22.99,7.34,0.8,None,1540
2023-08-08,P12345,North America,904,57,169,1405,0.78,41.27,27.91,7.47,1.44,Strike,2369
2023-08-09,P12345,North America,939,149,155,1309,0.69,60.54,25.42,7.9,0.94,Weather Disruption,1711
2023-08-10,P12345,Asia,226,289,182,819,0.95,67.08,15.16,3.78,1.49,Weather Disruption,970
2023-08-11,P12345,Europe,205,271,157,625,0.7,65.12,20.91,8.95,1.32,Strike,572
2023-08-12,P12345,Europe,703,136,103,776,0.87,43.82,27.76,6.73,1.34,Weather Disruption,1549
2023-08-13,P12345,North America,898,91,103,1475,0.75,43.79,20.19,6.3,1.26,Weather Disruption,2192
2023-08-14,P12345,Europe,477,221,119,703,0.67,64.4,15.53,9.87,1.13,None,899
2023-08-15,P12345,Europe,150,63,109,693,0.88,67.73,26.19,8.18,1.2,None,758
2023-08-16,P12345,Asia,128,127,123,1180,0.72,53.82,27.03,3.83,0.83,None,892
2023-08-17,P12345,Asia,561,51,198,1163,0.9,54.97,17.41,8.3,1.24,Strike,1716
2023-08-18,P12345,Asia,395,168,125,1046,0.92,49.55,23.06,3.67,1.24,Weather Disruption,1368
2023-08-19,P12345,Asia,396,86,136,1195,0.9,66.83,17.88,3.19,1.42,Weather Disruption,1594
2023-08-20,P12345,North America,825,118,184,785,0.61,59.35,25.79,5.83,1.15,None,1368
2023-08-21,P12345,Asia,878,215,153,556,0.88,48.65,19.07,9.96,0.85,None,1128
2023-08-22,P12345,Europe,506,286,120,1233,0.74,48.96,19.74,4.22,1.01,Strike,1280
2023-08-23,P12345,North America,868,90,173,802,0.91,66.74,27.67,7.71,1.26,Weather Disruption,1778
2023-08-24,P12345,Europe,913,111,137,662,0.82,40.41,22.14,4.21,0.97,Strike,1372
2023-08-25,P12345,Europe,712,295,145,518,0.89,49.68,25.05,8.07,1.0,Weather Disruption,1025
2023-08-26,P12345,Europe,504,109,103,869,0.77,56.63,21.04,6.54,1.37,Strike,1305
2023-08-27,P12345,Asia,445,174,159,763,0.79,44.45,19.47,7.76,1.21,None,1054
2023-08-28,P12345,Asia,721,160,156,1293,0.65,42.76,24.38,4.42,1.16,Strike,1596
2023-08-29,P12345,North America,519,63,144,612,0.87,64.46,17.32,8.22,1.02,Strike,1030
2023-08-30,P12345,North America,281,297,119,987,0.75,66.83,20.59,9.97,1.31,None,959
2023-08-31,P12345,Asia,924,280,116,826,0.78,64.71,18.14,7.66,1.0,Weather Disruption,1428
2023-09-01,P12345,Europe,100,266,170,1041,0.87,66.96,25.44,6.45,1.32,Weather Disruption,904
2023-09-02,P12345,North America,930,133,103,1146,0.81,56.59,29.16,9.46,0.85,None,1652
2023-09-03,P12345,Asia,666,179,192,1078,0.67,64.37,29.93,3.11,1.41,Strike,1571
2023-09-04,P12345,Asia,470,280,113,564,0.81,51.52,21.75,8.11,1.15,Strike,857
2023-09-05,P12345,Asia,760,119,102,791,0.74,59.99,18.79,9.22,1.11,Strike,1369
2023-09-06,P12345,Europe,530,194,187,524,0.76,69.67,21.64,3.43,1.23,Weather Disruption,953
2023-09-07,P12345,Asia,408,172,179,1048,0.61,46.77,27.71,6.15,1.24,Strike,1059
2023-01-01,P67890,Asia,236,138,157,500,0.67,51.7,18.09,4.43,0.89,Weather Disruption,476
2023-01-02,P67890,Asia,301,298,154,1410,0.7,54.4,29.28,6.97,1.33,Strike,1238
2023-01-03,P67890,Asia,535,77,103,1048,0.85,44.14,20.13,7.55,0.99,None,1381
2023-01-04,P67890,North America,412,115,123,640,0.6,42.43,29.79,5.12,1.43,None,915
2023-01-05,P67890,North America,216,212,133,1243,0.74,64.89,27.58,6.22,1.37,Weather Disruption,1109
2023-01-06,P67890,Asia,765,278,129,1147,0.92,69.3,27.13,4.96,1.04,Weather Disruption,1711
2023-01-07,P67890,Europe,902,54,181,1400,0.64,52.14,19.77,5.59,1.37,None,2104
2023-01-08,P67890,North America,674,242,118,687,0.78,42.63,15.13,4.12,1.05,None,1122
2023-01-09,P67890,Asia,343,217,130,627,0.88,41.97,20.73,9.2,0.87,Strike,741
2023-01-10,P67890,North America,636,253,159,700,0.93,66.74,19.53,3.07,1.47,None,1459
2023-01-11,P67890,North America,701,233,159,626,0.86,53.91,15.56,9.18,1.26,Weather Disruption,1305
2023-01-12,P67890,Europe,174,213,118,756,0.85,49.6,22.58,7.0,1.12,None,730
2023-01-13,P67890,Asia,905,94,148,1175,0.89,54.29,21.05,5.32,1.08,Weather Disruption,1976
2023-01-14,P67890,Asia,485,200,162,1046,0.76,49.55,24.52,8.06,1.03,Weather Disruption,1194
2023-01-15,P67890,Europe,309,96,182,693,0.88,54.67,24.32,6.55,1.49,Strike,1022
2023-01-16,P67890,Europe,574,80,121,1202,0.6,65.79,16.81,6.49,0.89,Strike,1192
2023-01-17,P67890,Asia,517,188,123,603,0.92,57.77,29.65,3.77,1.02,Strike,988
2023-01-18,P67890,Asia,446,59,175,1034,0.76,60.84,17.8,5.73,1.14,Strike,1264
2023-01-19,P67890,Europe,628,244,129,764,0.79,50.94,21.68,4.69,1.13,None,1191
2023-01-20,P67890,North America,739,167,157,1301,0.69,62.16,22.32,3.11,1.13,Strike,1649
2023-01-21,P67890,North America,975,63,130,1441,0.86,60.0,27.2,5.52,0.92,None,2104
2023-01-22,P67890,Europe,862,129,199,1473,0.63,43.59,16.49,3.63,0.9,Strike,1639
2023-01-23,P67890,North America,278,251,163,883,0.91,57.18,21.43,4.8,0.98,Strike,950
2023-01-24,P67890,Europe,281,142,118,759,0.89,47.7,24.43,3.65,1.44,Weather Disruption,1009
2023-01-25,P67890,North America,763,59,147,913,0.68,64.12,18.23,3.71,0.88,None,1262
2023-01-26,P67890,North America,124,125,144,1490,0.88,52.78,24.41,4.39,1.33,Weather Disruption,1413
2023-01-27,P67890,Asia,279,143,199,857,0.88,69.84,28.85,10.0,1.33,Strike,1053
2023-01-28,P67890,Asia,809,154,193,574,0.82,42.78,29.96,3.02,1.37,None,1502
2023-01-29,P67890,North America,600,50,154,854,0.73,63.41,15.49,7.47,1.42,Strike,1450
2023-01-30,P67890,North America,955,182,154,1083,0.7,60.21,18.53,3.99,0.98,Weather Disruption,1603
2023-01-31,P67890,Asia,260,69,196,1270,0.68,63.02,19.65,9.44,0.96,None,1078
2023-02-01,P67890,Asia,276,57,117,1409,0.71,49.23,20.99,3.66,1.13,Weather Disruption,1283
2023-02-02,P67890,Asia,384,220,162,687,0.92,54.76,18.63,9.69,0.99,Strike,902
2023-02-03,P67890,Europe,162,253,191,1472,0.63,63.9,18.05,7.28,1.31,Strike,1013
2023-02-04,P67890,North America,761,50,146,1184,0.89,46.98,29.32,3.01,1.25,Strike,1980
2023-02-05,P67890,Asia,765,106,174,1491,0.72,46.78,28.78,9.26,1.41,None,2099
2023-02-06,P67890,North America,255,113,156,789,0.78,56.53,15.7,6.65,0.86,Weather Disruption,778
2023-02-07,P67890,Europe,981,167,144,544,0.88,55.71,20.08,4.84,1.44,Weather Disruption,1807
2023-02-08,P67890,Europe,568,261,132,1072,0.91,48.47,21.08,8.37,1.01,Strike,1418
2023-02-09,P67890,Asia,148,77,116,582,0.72,48.94,18.59,9.49,1.14,Weather Disruption,549
2023-02-10,P67890,Europe,948,170,169,622,0.76,48.34,24.43,6.39,1.11,None,1440
2023-02-11,P67890,North America,183,156,103,857,0.75,63.15,24.61,5.21,1.33,Strike,808
2023-02-12,P67890,Asia,460,214,119,1027,0.6,59.56,27.76,8.52,1.09,Strike,1010
2023-02-13,P67890,North America,788,224,146,565,0.7,64.97,26.11,7.77,1.46,Strike,1433
2023-02-14,P67890,North America,247,278,190,1435,0.76,69.26,23.14,9.22,1.43,None,1304
2023-02-15,P67890,Europe,729,253,114,1156,0.74,54.22,24.8,7.85,1.41,Strike,1756
2023-02-16,P67890,Europe,441,214,169,874,0.85,42.0,19.11,4.7,0.85,Strike,1010
2023-02-17,P67890,Europe,575,98,146,661,0.73,41.44,23.9,9.52,1.4,Strike,1238
2023-02-18,P67890,Europe,162,290,177,1245,0.77,48.87,22.34,3.73,1.35,Strike,1032
2023-02-19,P67890,Europe,800,169,174,879,0.75,67.98,17.0,4.88,0.87,Weather Disruption,1270
2023-02-20,P67890,Asia,459,93,108,1155,0.86,55.7,18.64,6.64,0.88,Strike,1350
2023-02-21,P67890,North America,660,105,189,857,0.9,48.15,19.38,6.96,0.87,None,1293
2023-02-22,P67890,North America,426,205,115,687,0.79,51.98,28.86,3.11,0.81,Strike,785
2023-02-23,P67890,North America,868,160,168,821,0.88,57.96,18.46,8.46,1.18,Strike,1666
2023-02-24,P67890,North America,835,256,160,949,0.7,59.59,19.34,5.53,1.48,Weather Disruption,1772
2023-02-25,P67890,Europe,240,183,109,973,0.79,44.62,20.54,5.84,1.11,Strike,943
2023-02-26,P67890,North America,314,157,149,512,0.72,69.31,24.96,8.67,1.18,Weather Disruption,660
2023-02-27,P67890,Asia,534,238,102,683,0.74,56.34,16.77,5.65,1.48,None,1176
2023-02-28,P67890,Asia,990,197,176,610,0.86,44.07,29.31,3.33,0.98,Weather Disruption,1396
2023-03-01,P67890,North America,822,163,193,1426,0.91,66.81,27.98,4.24,1.4,Strike,2366
2023-03-02,P67890,North America,417,127,169,1007,0.64,42.24,23.66,9.69,1.18,None,1073
2023-03-03,P67890,Asia,131,179,180,789,0.82,67.23,25.11,3.49,1.2,Strike,714
2023-03-04,P67890,Asia,769,250,150,794,0.8,69.9,15.25,5.48,1.04,Weather Disruption,1309
2023-03-05,P67890,Europe,384,86,118,950,0.64,61.01,20.08,6.52,1.19,None,1021
2023-03-06,P67890,Asia,404,69,141,1403,0.67,63.11,26.93,6.45,0.85,None,1248
2023-03-07,P67890,Europe,528,75,134,714,0.71,50.12,16.16,3.03,1.34,Weather Disruption,1176
2023-03-08,P67890,Europe,576,78,145,1473,0.66,68.25,19.23,6.51,1.0,Weather Disruption,1509
2023-03-09,P67890,Europe,385,50,125,1131,0.69,55.89,23.78,5.69,1.42,None,1302
2023-03-10,P67890,Europe,243,168,168,1393,0.69,61.97,18.85,9.8,1.06,None,1134
2023-03-11,P67890,Europe,523,84,192,1066,0.72,67.72,29.01,4.11,0.9,Weather Disruption,1196
2023-03-12,P67890,North America,118,247,163,526,0.86,69.26,16.97,5.48,1.29,Strike,481
2023-03-13,P67890,Asia,117,278,136,1129,0.8,65.0,26.96,5.94,0.92,None,871
2023-03-14,P67890,Europe,868,294,183,1232,0.95,49.09,22.62,5.73,1.33,Weather Disruption,2177
2023-03-15,P67890,Asia,689,108,148,730,0.75,69.0,26.25,7.66,1.48,Strike,1513
2023-03-16,P67890,Asia,470,118,120,1064,0.86,58.84,19.66,4.51,1.35,None,1490
2023-03-17,P67890,Europe,274,210,173,1306,0.91,67.92,22.72,4.55,0.82,None,1308
2023-03-18,P67890,North America,293,290,163,820,0.84,60.28,27.85,8.1,1.22,Weather Disruption,901
2023-03-19,P67890,Europe,601,228,104,1412,0.74,49.22,22.0,6.5,1.29,Strike,1706
2023-03-20,P67890,North America,212,255,199,732,0.86,51.1,20.4,5.91,1.38,None,794
2023-03-21,P67890,Asia,213,61,169,1169,0.67,56.51,23.04,4.18,0.84,Strike,931
2023-03-22,P67890,North America,321,283,189,936,0.71,63.7,25.76,4.31,1.14,Strike,888
2023-03-23,P67890,North America,777,69,103,1280,0.79,49.54,21.65,3.07,1.17,None,1885
2023-03-24,P67890,North America,930,230,138,1032,0.8,57.39,29.08,3.64,0.92,Strike,1566
2023-03-25,P67890,Asia,743,291,134,902,0.61,50.37,19.42,6.9,1.03,None,1170
2023-03-26,P67890,Asia,996,265,100,552,0.93,64.47,22.13,9.24,1.11,Strike,1486
2023-03-27,P67890,North America,363,92,123,1286,0.84,54.0,26.35,5.01,1.38,None,1535
2023-03-28,P67890,North America,154,175,156,812,0.77,42.3,25.34,5.29,1.45,Weather Disruption,761
2023-03-29,P67890,Europe,970,275,199,780,0.93,44.98,27.95,3.81,1.24,None,1790
2023-03-30,P67890,North America,742,266,169,1225,0.75,41.83,29.95,5.72,1.08,None,1587
2023-03-31,P67890,Europe,899,99,140,530,0.94,54.98,21.4,3.26,0.98,None,1329
2023-04-01,P67890,North America,877,78,153,836,0.78,43.19,16.67,9.42,1.49,Strike,1919
2023-04-02,P67890,Europe,557,234,145,682,0.64,43.42,15.46,7.71,1.49,Weather Disruption,1149
2023-04-03,P67890,Asia,977,88,159,522,0.87,68.23,25.9,9.94,1.45,Strike,1826
2023-04-04,P67890,North America,261,272,159,1043,0.84,66.18,28.11,9.18,1.35,Strike,1092
2023-04-05,P67890,North America,479,233,156,945,0.87,53.56,18.31,6.31,1.03,None,1199
2023-04-06,P67890,North America,186,288,130,573,0.93,69.57,17.38,6.64,1.37,Strike,643
2023-04-07,P67890,North America,154,220,183,509,0.87,40.01,15.93,4.33,1.09,None,500
2023-04-08,P67890,Europe,575,227,123,983,0.81,58.42,27.34,6.23,1.03,Weather Disruption,1274
2023-04-09,P67890,North America,899,200,188,955,0.9,58.49,19.67,9.32,1.32,Strike,1946
2023-04-10,P67890,Asia,277,221,135,1065,0.84,53.72,21.03,3.36,0.86,Strike,1022
2023-04-11,P67890,Asia,490,87,184,1063,0.74,51.91,22.54,9.04,0.83,Strike,1149
2023-04-12,P67890,North America,448,133,129,1159,0.91,53.66,27.59,5.39,1.11,None,1485
2023-04-13,P67890,Asia,107,200,123,659,0.68,52.45,24.76,9.3,1.11,None,466
2023-04-14,P67890,North America,932,177,129,1381,0.85,61.91,24.23,9.59,1.43,Strike,2418
2023-04-15,P67890,North America,412,175,185,513,0.91,44.06,17.64,7.7,0.89,Strike,746
2023-04-16,P67890,Asia,858,94,191,677,0.86,45.93,22.7,7.65,0.89,Weather Disruption,1298
2023-04-17,P67890,North America,934,101,106,911,0.84,45.42,25.73,6.17,0.9,Weather Disruption,1555
2023-04-18,P67890,Asia,542,129,134,1377,0.86,47.87,29.6,8.85,0.82,Weather Disruption,1564
2023-04-19,P67890,Europe,866,227,154,552,0.76,55.76,18.02,9.73,0.85,Weather Disruption,1042
2023-04-20,P67890,North America,427,283,191,907,0.91,43.34,15.14,8.43,1.26,Weather Disruption,1221
2023-04-21,P67890,Europe,153,173,113,1346,0.67,66.05,16.13,7.35,1.1,None,983
2023-04-22,P67890,Asia,860,168,109,521,0.64,48.92,20.64,7.25,1.33,Weather Disruption,1393
2023-04-23,P67890,Europe,338,57,179,529,0.7,44.88,27.31,8.95,1.49,Weather Disruption,845
2023-04-24,P67890,Europe,328,291,115,1202,0.79,60.27,15.11,6.79,1.26,Strike,1217
2023-04-25,P67890,Asia,678,134,153,759,0.78,41.14,21.85,8.63,0.84,None,1094
2023-04-26,P67890,Europe,150,178,194,704,0.89,58.6,19.94,6.56,0.87,Weather Disruption,668
2023-04-27,P67890,Europe,708,296,188,558,0.74,60.95,15.79,3.44,1.42,Weather Disruption,1270
2023-04-28,P67890,Asia,703,57,176,970,0.77,46.45,21.75,5.69,1.17,Weather Disruption,1540
2023-04-29,P67890,Europe,363,206,169,1275,0.6,41.26,18.82,6.11,1.38,Strike,1162
2023-04-30,P67890,Asia,517,145,143,965,0.74,50.91,20.28,3.99,1.4,Strike,1365
2023-05-01,P67890,Europe,902,151,172,511,0.83,42.96,25.58,3.72,1.45,Strike,1656
2023-05-02,P67890,Asia,195,54,144,1130,0.61,43.49,22.82,6.75,1.46,Weather Disruption,947
2023-05-03,P67890,Asia,187,288,199,1426,0.7,47.63,16.87,3.6,1.19,Strike,1076
2023-05-04,P67890,Europe,177,135,155,1473,0.67,48.86,29.42,5.12,1.04,Weather Disruption,1103
2023-05-05,P67890,Europe,387,224,183,789,0.61,55.9,24.54,8.21,1.47,None,938
2023-05-06,P67890,Europe,219,83,181,1349,0.77,60.35,26.49,9.75,1.18,Weather Disruption,1255
2023-05-07,P67890,North America,913,242,156,1259,0.66,57.78,16.19,8.03,0.84,Strike,1476
2023-05-08,P67890,North America,590,104,120,853,0.86,44.45,15.71,9.95,1.25,None,1419
2023-05-09,P67890,North America,551,168,167,1138,0.9,45.16,15.29,7.89,1.21,Weather Disruption,1606
2023-05-10,P67890,Asia,599,267,149,574,0.79,66.36,17.83,5.06,1.43,None,1176
2023-05-11,P67890,Europe,264,220,132,1372,0.94,56.75,21.22,7.7,1.26,None,1512
2023-05-12,P67890,Asia,281,251,190,1215,0.76,66.1,29.04,7.92,1.04,None,1090
2023-05-13,P67890,North America,568,207,106,1060,0.78,51.15,21.86,5.6,1.48,Weather Disruption,1563
2023-05-14,P67890,Europe,834,163,169,1090,0.95,58.43,19.35,3.12,1.36,Strike,2088
2023-05-15,P67890,Asia,922,259,114,940,0.68,55.71,23.43,7.92,1.24,Weather Disruption,1652
2023-05-16,P67890,Europe,106,194,181,1490,0.93,49.57,16.68,3.15,1.01,Strike,1395
2023-05-17,P67890,Asia,429,75,131,740,0.61,54.1,24.14,7.42,1.06,Weather Disruption,868
2023-05-18,P67890,Europe,874,185,174,1360,0.76,55.07,23.53,4.15,1.27,Weather Disruption,2051
2023-05-19,P67890,North America,772,96,119,653,0.62,46.02,26.88,6.96,0.85,Weather Disruption,1013
2023-05-20,P67890,North America,250,281,187,1285,0.86,49.45,29.8,6.53,0.98,Strike,1209
2023-05-21,P67890,Europe,184,162,114,595,0.81,63.74,18.76,3.09,1.3,Weather Disruption,640
2023-05-22,P67890,Asia,246,125,147,1225,0.85,67.47,22.64,5.54,1.14,None,1259
2023-05-23,P67890,North America,723,268,170,793,0.73,50.79,28.63,7.21,1.08,Weather Disruption,1225
2023-05-24,P67890,North America,480,121,120,708,0.73,49.21,26.78,8.94,0.91,None,893
2023-05-25,P67890,North America,647,138,141,842,0.62,45.86,22.31,9.22,1.11,Strike,1171
2023-05-26,P67890,Europe,384,95,125,587,0.72,60.35,29.18,6.39,1.34,Strike,889
2023-05-27,P67890,Europe,799,245,113,1317,0.93,49.69,15.86,8.1,0.98,Weather Disruption,1885
2023-05-28,P67890,Asia,181,82,156,1275,0.73,69.63,28.96,5.22,0.8,Weather Disruption,1034
2023-05-29,P67890,Asia,613,50,136,1436,0.89,49.77,15.76,5.4,1.27,Weather Disruption,2031
2023-05-30,P67890,Asia,996,196,157,889,0.89,51.82,23.21,4.36,1.48,None,2167
2023-05-31,P67890,Europe,914,80,120,824,0.73,58.1,28.36,6.93,1.22,Strike,1676
2023-06-01,P67890,Europe,808,257,181,1439,0.82,64.05,18.94,5.2,0.88,None,1762
2023-06-02,P67890,Asia,622,191,168,1388,0.63,54.09,22.08,3.59,1.02,None,1413
2023-06-03,P67890,Asia,845,102,102,1331,0.64,52.68,19.86,7.8,1.41,Weather Disruption,1992
2023-06-04,P67890,Europe,485,97,186,656,0.62,69.87,29.28,7.95,0.96,Weather Disruption,823
2023-06-05,P67890,Asia,806,118,189,1167,0.8,40.31,27.35,5.52,1.23,None,1865
2023-06-06,P67890,North America,570,154,136,1150,0.75,66.85,25.64,3.54,1.08,None,1401
2023-06-07,P67890,Europe,218,139,187,1132,0.79,44.47,23.81,5.98,0.95,Weather Disruption,1031
2023-06-08,P67890,Asia,495,239,148,1076,0.78,63.58,27.31,6.1,1.37,Weather Disruption,1397
2023-06-09,P67890,Europe,631,269,118,1118,0.72,58.54,20.88,7.68,1.32,None,1503
2023-06-10,P67890,North America,360,243,188,1158,0.84,50.26,21.71,5.21,1.26,Weather Disruption,1304
2023-06-11,P67890,Europe,904,291,184,636,0.87,66.22,25.95,7.78,0.97,Weather Disruption,1284
2023-06-12,P67890,Europe,355,241,111,1422,0.61,40.39,20.37,9.1,0.87,None,1055
2023-06-13,P67890,Europe,833,247,160,1173,0.67,46.8,15.96,4.66,1.2,None,1662
2023-06-14,P67890,Europe,325,112,140,927,0.85,57.01,16.12,9.85,1.19,Strike,1118
2023-06-15,P67890,North America,152,122,132,951,0.74,50.55,16.73,5.7,0.93,None,784
2023-06-16,P67890,Europe,966,210,149,1111,0.83,58.31,28.05,4.87,0.84,Weather Disruption,1628
2023-06-17,P67890,Europe,599,218,167,1349,0.72,40.72,22.08,5.95,0.86,None,1377
2023-06-18,P67890,Asia,605,138,170,1410,0.74,43.49,25.69,3.66,1.49,None,1875
2023-06-19,P67890,Europe,953,225,185,1318,0.66,43.81,20.89,3.88,1.35,None,2043
2023-06-20,P67890,Asia,463,62,132,640,0.69,45.68,18.88,5.9,1.45,Strike,1081
2023-06-21,P67890,North America,379,122,180,582,0.81,53.78,20.21,8.34,0.94,Strike,766
2023-06-22,P67890,North America,692,294,123,676,0.75,62.56,26.91,9.3,1.47,Weather Disruption,1377
2023-06-23,P67890,North America,813,126,160,697,0.87,67.17,24.38,7.65,0.9,Strike,1275
2023-06-24,P67890,North America,257,208,160,1123,0.9,65.06,29.06,3.74,1.16,None,1204
2023-06-25,P67890,Asia,731,282,197,1067,0.79,45.91,25.2,7.7,1.38,Strike,1710
2023-06-26,P67890,Europe,158,252,127,1471,0.87,53.23,23.55,7.45,1.04,None,1318
2023-06-27,P67890,North America,826,117,157,1190,0.71,45.98,24.15,8.64,1.1,Strike,1695
2023-06-28,P67890,Europe,227,147,142,920,0.75,47.93,29.14,8.78,0.89,Strike,818
2023-06-29,P67890,Asia,835,174,140,900,0.85,55.11,26.82,9.08,0.89,Strike,1421
2023-06-30,P67890,Asia,820,151,138,1197,0.74,42.04,15.36,5.9,1.23,None,1818
2023-07-01,P67890,Asia,981,287,185,970,0.81,46.55,23.01,7.89,1.27,Strike,1888
2023-07-02,P67890,North America,214,181,148,717,0.66,68.06,25.33,4.88,1.34,None,669
2023-07-03,P67890,Europe,308,151,116,1424,0.81,53.98,26.23,10.0,1.19,None,1444
2023-07-04,P67890,Europe,625,68,197,1428,0.9,53.36,18.2,4.23,1.25,Weather Disruption,2032
2023-07-05,P67890,Europe,620,247,169,1327,0.9,40.44,28.01,3.07,0.81,Strike,1573
2023-07-06,P67890,Asia,651,275,169,1486,0.85,47.42,29.34,4.04,0.91,Weather Disruption,1718
2023-07-07,P67890,North America,336,131,197,1228,0.86,65.99,18.55,8.43,1.49,Weather Disruption,1491
2023-07-08,P67890,Asia,380,190,164,1131,0.8,44.94,28.24,6.13,0.85,None,1132
2023-07-09,P67890,Asia,458,282,173,1450,0.8,52.45,16.45,6.13,1.28,Strike,1605
2023-07-10,P67890,Europe,300,72,184,1405,0.65,40.43,15.84,9.69,0.92,None,1153
2023-07-11,P67890,Asia,857,132,104,674,0.76,54.35,16.94,9.44,1.3,None,1560
2023-07-12,P67890,Europe,377,158,101,522,0.76,40.63,15.87,5.18,1.29,Strike,804
2023-07-13,P67890,North America,334,124,121,1224,0.94,64.59,27.68,4.46,0.96,None,1409
2023-07-14,P67890,Europe,593,178,156,1416,0.75,64.75,15.89,8.94,0.99,Strike,1560
2023-07-15,P67890,North America,103,137,165,734,0.79,63.63,19.07,9.34,1.26,Strike,641
2023-07-16,P67890,Europe,765,103,173,512,0.79,48.5,16.56,6.79,1.07,None,1171
2023-07-17,P67890,Asia,541,248,197,600,0.82,65.12,19.43,7.41,0.94,None,876
2023-07-18,P67890,Asia,128,138,115,1428,0.86,56.29,16.36,4.8,1.31,Weather Disruption,1326
2023-07-19,P67890,North America,208,262,150,1035,0.68,51.21,25.02,8.61,0.91,None,762
2023-07-20,P67890,North America,709,192,138,1375,0.79,58.76,17.0,7.42,1.4,Strike,1982
2023-07-21,P67890,North America,826,114,185,1022,0.89,40.37,27.78,6.52,1.16,Weather Disruption,1810
2023-07-22,P67890,Europe,904,125,175,1284,0.76,44.29,27.26,3.42,0.87,Strike,1699
2023-07-23,P67890,Europe,174,299,187,951,0.7,62.27,15.2,9.41,1.29,Weather Disruption,740
2023-07-24,P67890,North America,937,248,139,930,0.83,47.32,28.44,7.31,1.16,None,1734
2023-07-25,P67890,Asia,245,192,137,1292,0.89,57.94,15.43,4.35,1.01,None,1301
2023-07-26,P67890,Europe,227,198,159,1105,0.62,51.55,18.59,7.24,1.1,None,835
2023-07-27,P67890,Europe,952,196,158,1212,0.87,65.64,15.49,7.74,1.01,Strike,1917
2023-07-28,P67890,Europe,141,109,109,1032,0.89,68.57,20.04,6.68,0.98,Weather Disruption,1002
2023-07-29,P67890,North America,455,142,198,1351,0.76,66.51,22.71,8.03,0.91,Strike,1369
2023-07-30,P67890,North America,140,266,163,1478,0.94,48.12,26.95,7.07,1.05,Weather Disruption,1403
2023-07-31,P67890,North America,133,210,162,1222,0.88,45.82,20.07,9.63,0.98,None,1100
2023-08-01,P67890,North America,116,98,148,1151,0.87,54.23,25.58,3.38,1.28,Strike,1100
2023-08-02,P67890,North America,776,273,163,792,0.86,40.22,17.81,3.74,1.28,None,1537
2023-08-03,P67890,Asia,252,290,131,1309,0.65,40.77,26.26,4.22,1.15,Strike,995
2023-08-04,P67890,Asia,477,84,106,1412,0.68,56.6,18.54,7.83,1.34,None,1557
2023-08-05,P67890,North America,687,221,120,600,0.76,55.61,17.15,7.52,1.39,Strike,1300
2023-08-06,P67890,Europe,698,151,119,1001,0.69,69.84,17.78,9.24,1.21,Strike,1459
2023-08-07,P67890,North America,728,267,125,803,0.75,46.06,17.73,8.13,1.23,Weather Disruption,1364
2023-08-08,P67890,Asia,973,60,167,1370,0.91,47.74,22.69,6.56,1.0,None,2189
2023-08-09,P67890,Asia,441,148,185,1039,0.89,43.41,27.67,9.94,1.43,Weather Disruption,1481
2023-08-10,P67890,Europe,126,249,114,1052,0.82,67.53,16.19,4.86,0.82,Weather Disruption,841
2023-08-11,P67890,Asia,924,159,184,854,0.9,63.33,25.6,8.83,1.04,None,1650
2023-08-12,P67890,North America,386,255,178,802,0.87,64.67,24.82,5.99,1.31,Strike,1075
2023-08-13,P67890,Europe,745,123,185,995,0.75,67.08,28.09,7.54,0.86,Weather Disruption,1325
2023-08-14,P67890,North America,830,243,191,1157,0.67,55.75,18.66,8.09,0.93,None,1425
2023-08-15,P67890,North America,267,223,113,1267,0.78,53.54,21.75,7.44,1.21,Strike,1199
2023-08-16,P67890,Europe,709,58,126,1473,0.86,49.91,28.89,3.98,1.19,Weather Disruption,2081
2023-08-17,P67890,North America,367,52,139,726,0.75,57.68,24.9,6.1,1.32,Weather Disruption,1002
2023-08-18,P67890,Asia,848,134,157,735,0.83,53.63,20.83,6.93,1.37,Weather Disruption,1704
2023-08-19,P67890,North America,920,75,127,1372,0.63,53.55,16.97,8.94,0.89,Strike,1645
2023-08-20,P67890,Europe,554,121,125,1391,0.86,68.11,18.94,6.11,0.81,Weather Disruption,1584
2023-08-21,P67890,Europe,784,97,162,954,0.88,69.52,23.72,9.43,1.28,Strike,1794
2023-08-22,P67890,Europe,500,243,165,512,0.85,63.89,25.77,6.08,1.01,Weather Disruption,818
2023-08-23,P67890,North America,575,247,124,709,0.94,62.7,16.87,6.84,1.24,None,1255
2023-08-24,P67890,Europe,801,205,102,1240,0.89,60.42,23.99,8.57,0.91,Weather Disruption,1730
2023-08-25,P67890,Europe,733,166,171,896,0.92,44.98,23.26,7.08,1.13,None,1569
2023-08-26,P67890,North America,657,270,143,599,0.93,41.77,22.71,9.72,1.15,None,1177
2023-08-27,P67890,Asia,675,203,196,530,0.88,60.72,25.35,7.62,1.21,None,1181
2023-08-28,P67890,North America,229,202,141,1397,0.84,61.86,27.56,6.66,1.16,Strike,1338
2023-08-29,P67890,Europe,921,61,198,1027,0.6,41.41,19.84,3.17,1.15,None,1644
2023-08-30,P67890,Europe,462,182,105,1148,0.76,67.84,28.34,5.9,1.03,Weather Disruption,1257
2023-08-31,P67890,North America,804,275,138,828,0.8,42.73,17.41,5.09,0.85,Strike,1208
2023-09-01,P67890,Asia,918,97,151,665,0.71,48.58,17.6,8.24,0.86,None,1213
2023-09-02,P67890,Europe,792,86,122,958,0.71,60.17,19.0,4.46,1.1,Strike,1508
2023-09-03,P67890,Europe,391,256,188,1321,0.94,45.1,16.79,4.44,1.05,Strike,1524
2023-09-04,P67890,Europe,470,93,149,1451,0.91,41.66,18.45,4.33,1.16,Strike,1819
2023-09-05,P67890,North America,893,277,142,1481,0.9,49.93,16.6,3.88,1.01,Weather Disruption,2096
2023-09-06,P67890,Europe,128,64,118,1492,0.74,62.98,27.33,5.18,1.28,None,1235
2023-09-07,P67890,Asia,248,92,168,599,0.6,52.41,17.08,9.2,1.4,Strike,660
2023-01-01,P34567,Europe,878,225,150,1120,0.63,59.59,26.21,8.42,1.01,Strike,1479
2023-01-02,P34567,Europe,395,136,110,1354,0.71,57.39,15.72,8.15,0.94,Strike,1264
2023-01-03,P34567,Asia,110,119,111,672,0.61,40.67,29.23,8.58,0.88,None,447
2023-01-04,P34567,Europe,611,95,173,1248,0.61,69.66,25.67,4.89,1.23,Strike,1465
2023-01-05,P34567,North America,775,291,107,661,0.92,41.24,15.1,9.21,1.11,Strike,1322
2023-01-06,P34567,North America,212,157,123,1404,0.85,69.03,26.46,3.96,0.93,Weather Disruption,1312
2023-01-07,P34567,North America,286,172,191,1227,0.71,56.5,22.71,5.35,1.26,None,1145
2023-01-08,P34567,Asia,906,220,140,1275,0.65,68.89,26.69,7.11,0.9,Weather Disruption,1534
2023-01-09,P34567,Europe,843,286,135,762,0.78,43.44,22.84,3.72,1.19,None,1454
2023-01-10,P34567,North America,326,70,184,1303,0.6,54.71,24.62,8.11,1.17,None,1128
2023-01-11,P34567,Asia,409,200,171,773,0.93,45.09,26.79,5.71,1.31,None,1154
2023-01-12,P34567,Europe,197,156,154,502,0.75,41.53,21.08,8.49,0.84,Weather Disruption,463
2023-01-13,P34567,Asia,154,296,108,527,0.74,58.53,15.04,6.45,1.42,Weather Disruption,460
2023-01-14,P34567,North America,722,129,146,825,0.74,46.23,27.75,4.27,1.29,Weather Disruption,1477
2023-01-15,P34567,North America,763,96,114,1439,0.62,57.63,20.71,8.14,0.95,Weather Disruption,1569
2023-01-16,P34567,North America,857,166,147,648,0.82,43.37,22.44,4.77,0.93,Strike,1245
2023-01-17,P34567,Asia,505,173,181,1039,0.86,49.96,15.12,6.44,1.1,Strike,1362
2023-01-18,P34567,Asia,168,192,141,987,0.84,63.45,22.38,3.53,1.37,Strike,963
2023-01-19,P34567,North America,411,74,159,1321,0.65,53.11,29.8,7.33,1.39,None,1392
2023-01-20,P34567,Asia,388,85,183,937,0.8,58.83,19.17,7.66,1.16,Strike,1157
2023-01-21,P34567,North America,861,252,169,564,0.8,59.42,20.93,5.65,1.4,None,1530
2023-01-22,P34567,North America,647,100,111,855,0.9,65.31,25.31,9.68,0.8,Weather Disruption,1237
2023-01-23,P34567,Europe,850,64,101,1032,0.73,49.75,27.22,9.12,0.82,None,1418
2023-01-24,P34567,Asia,247,117,106,751,0.73,60.62,21.26,7.96,1.44,None,845
2023-01-25,P34567,North America,566,70,179,734,0.82,68.85,19.65,8.0,1.34,Strike,1325
2023-01-26,P34567,North America,838,190,102,726,0.82,61.91,29.07,4.77,1.12,Weather Disruption,1438
2023-01-27,P34567,Asia,343,263,102,1024,0.76,54.7,25.16,7.6,1.33,Weather Disruption,1102
2023-01-28,P34567,Europe,590,68,126,812,0.76,58.92,16.79,4.39,1.47,Strike,1450
2023-01-29,P34567,Europe,948,83,139,548,0.77,62.19,16.03,4.01,1.34,Weather Disruption,1650
2023-01-30,P34567,North America,606,127,132,617,0.9,58.37,22.25,10.0,1.39,Weather Disruption,1334
2023-01-31,P34567,Asia,464,174,191,553,0.76,40.5,18.3,7.36,1.33,Weather Disruption,950
2023-02-01,P34567,Europe,581,245,100,1149,0.93,45.84,18.81,6.02,0.92,Strike,1480
2023-02-02,P34567,Asia,300,289,107,1064,0.78,64.31,28.17,5.02,1.38,Weather Disruption,1099
2023-02-03,P34567,Asia,253,166,131,543,0.93,48.18,16.34,7.23,0.94,None,659
2023-02-04,P34567,North America,549,101,147,1314,0.89,61.95,25.73,3.35,1.42,None,1898
2023-02-05,P34567,Europe,600,287,103,552,0.73,51.16,19.07,3.66,1.12,Weather Disruption,931
2023-02-06,P34567,North America,172,76,193,1085,0.9,55.66,26.4,3.23,1.27,Strike,1156
2023-02-07,P34567,Europe,812,206,169,1057,0.64,42.04,25.84,6.49,1.15,Strike,1507
2023-02-08,P34567,Europe,395,288,118,1024,0.92,45.44,15.11,7.2,0.87,Strike,1141
2023-02-09,P34567,Europe,116,205,131,1176,0.82,68.72,22.64,3.44,1.0,Weather Disruption,977
2023-02-10,P34567,Europe,740,84,108,601,0.62,66.7,17.09,8.05,1.49,Weather Disruption,1433
2023-02-11,P34567,Europe,316,185,111,1291,0.83,59.57,27.99,4.61,1.47,None,1443
2023-02-12,P34567,Asia,160,193,110,1269,0.94,53.79,28.07,7.8,1.02,Strike,1259
2023-02-13,P34567,North America,715,155,145,1481,0.62,60.27,21.28,9.87,1.5,None,1913
2023-02-14,P34567,Asia,141,213,115,1348,0.79,58.56,21.67,7.84,1.39,None,1154
2023-02-15,P34567,Europe,124,207,100,1367,0.86,57.06,19.55,9.18,1.23,Strike,1224
2023-02-16,P34567,North America,138,195,162,897,0.88,41.78,25.75,9.64,0.83,Weather Disruption,806
2023-02-17,P34567,Europe,902,51,120,637,0.74,58.98,20.38,6.41,1.43,Weather Disruption,1735
2023-02-18,P34567,North America,230,226,129,1174,0.67,63.07,19.02,7.92,1.19,None,947
2023-02-19,P34567,Asia,597,126,112,1420,0.61,69.82,21.48,8.96,1.41,None,1644
2023-02-20,P34567,North America,328,181,133,886,0.8,40.33,16.37,5.5,1.38,None,1070
2023-02-21,P34567,North America,207,139,103,610,0.76,61.91,26.2,4.83,1.38,None,679
2023-02-22,P34567,North America,271,138,127,1113,0.93,57.15,15.19,9.63,1.29,Strike,1315
2023-02-23,P34567,North America,534,143,194,516,0.62,53.02,24.67,8.08,1.0,None,782
2023-02-24,P34567,North America,577,252,158,1279,0.84,43.83,17.74,4.54,1.04,None,1548
2023-02-25,P34567,Europe,201,56,126,681,0.61,52.27,18.49,6.14,1.02,Weather Disruption,592
2023-02-26,P34567,North America,965,144,168,1383,0.66,50.63,24.53,8.58,0.81,Weather Disruption,1622
2023-02-27,P34567,North America,623,157,124,1035,0.76,49.08,29.89,6.83,1.21,Weather Disruption,1461
2023-02-28,P34567,Asia,374,123,102,1040,0.76,61.93,26.67,7.55,1.29,Strike,1211
2023-03-01,P34567,North America,712,88,196,670,0.84,61.02,18.39,8.28,1.4,Strike,1515
2023-03-02,P34567,Asia,143,190,167,908,0.92,57.67,17.64,7.35,0.9,Weather Disruption,869
2023-03-03,P34567,Europe,916,208,124,1239,0.82,68.16,27.99,6.78,1.18,Weather Disruption,1992
2023-03-04,P34567,North America,116,120,119,877,0.93,50.5,21.66,8.25,0.81,None,849
2023-03-05,P34567,Asia,429,240,133,687,0.91,47.31,17.06,8.09,0.87,None,878
2023-03-06,P34567,Asia,668,105,125,1357,0.8,59.68,27.93,7.41,0.84,Strike,1594
2023-03-07,P34567,Europe,922,290,104,729,0.89,45.96,27.24,5.52,1.31,Strike,1711
2023-03-08,P34567,North America,596,219,198,1332,0.82,49.45,29.76,5.84,0.86,None,1495
2023-03-09,P34567,North America,914,238,160,1351,0.63,46.74,28.65,9.79,1.3,Weather Disruption,1920
2023-03-10,P34567,Asia,111,91,191,618,0.86,42.07,27.78,3.79,0.97,None,593
2023-03-11,P34567,North America,417,233,192,655,0.63,64.82,15.79,4.88,1.41,Strike,884
2023-03-12,P34567,Asia,691,85,108,1283,0.81,47.64,16.57,6.45,1.37,Strike,1943
2023-03-13,P34567,North America,315,133,149,1186,0.85,54.19,23.53,8.86,1.47,None,1404
2023-03-14,P34567,Asia,438,245,105,964,0.62,41.3,22.97,4.15,1.42,None,1097
2023-03-15,P34567,North America,875,167,182,603,0.68,60.98,21.87,4.94,1.45,None,1595
2023-03-16,P34567,Europe,760,56,159,1103,0.92,49.92,20.95,3.46,1.4,Strike,2050
2023-03-17,P34567,North America,180,103,143,1197,0.82,62.34,21.47,7.94,1.29,Weather Disruption,1162
2023-03-18,P34567,North America,826,178,110,1471,0.69,52.37,23.54,4.67,0.92,None,1685
2023-03-19,P34567,Europe,584,221,165,1294,0.84,45.87,15.03,5.72,0.99,Strike,1554
2023-03-20,P34567,North America,473,169,146,1001,0.81,55.4,18.91,6.11,0.95,Strike,1175
2023-03-21,P34567,Europe,809,222,172,1192,0.78,43.92,22.77,9.24,1.22,Strike,1805
2023-03-22,P34567,North America,299,155,184,1181,0.94,53.22,25.83,5.88,1.15,None,1376
2023-03-23,P34567,Asia,636,96,187,1198,0.84,49.52,17.61,4.02,1.41,None,1855
2023-03-24,P34567,Asia,565,172,197,674,0.73,67.36,23.2,6.67,1.47,Weather Disruption,1236
2023-03-25,P34567,North America,188,190,185,1233,0.88,41.83,25.72,9.74,1.08,Strike,1193
2023-03-26,P34567,North America,367,168,102,1244,0.91,60.82,21.67,7.25,1.15,None,1470
2023-03-27,P34567,North America,754,199,175,1173,0.64,45.48,15.41,9.88,1.48,Strike,1767
2023-03-28,P34567,Asia,670,167,191,920,0.67,49.57,21.74,8.89,0.99,Strike,1196
2023-03-29,P34567,North America,588,70,129,633,0.68,52.47,19.45,3.25,1.35,Weather Disruption,1189
2023-03-30,P34567,Asia,976,263,189,890,0.84,67.24,28.94,7.61,0.96,None,1553
2023-03-31,P34567,Europe,637,269,120,1491,0.81,47.28,16.87,5.01,1.28,None,1888
2023-04-01,P34567,Asia,146,186,127,1235,0.82,42.74,24.79,6.92,0.98,Strike,1062
2023-04-02,P34567,Asia,387,75,189,1000,0.93,49.56,15.79,4.96,1.42,Strike,1442
2023-04-03,P34567,Europe,877,58,161,1164,0.87,43.14,21.69,5.44,1.19,Weather Disruption,2027
2023-04-04,P34567,Asia,115,64,132,532,0.64,43.86,23.31,9.46,0.93,Weather Disruption,415
2023-04-05,P34567,North America,810,59,184,554,0.72,57.22,19.47,4.45,0.96,Weather Disruption,1146
2023-04-06,P34567,North America,500,265,134,1453,0.75,41.83,21.83,9.12,1.15,Weather Disruption,1532
2023-04-07,P34567,Asia,893,171,151,1018,0.74,40.93,17.45,3.21,1.47,Weather Disruption,1980
2023-04-08,P34567,North America,185,170,133,1255,0.83,61.43,19.56,3.64,1.34,Weather Disruption,1204
2023-04-09,P34567,Asia,349,174,140,1324,0.91,50.85,24.32,8.98,1.14,Strike,1515
2023-04-10,P34567,North America,490,219,150,1137,0.71,43.76,19.53,7.41,1.04,Weather Disruption,1207
2023-04-11,P34567,North America,881,121,146,511,0.79,47.61,28.5,8.23,1.18,Strike,1382
2023-04-12,P34567,Asia,434,201,181,1027,0.88,59.26,24.43,4.47,1.32,Strike,1376
2023-04-13,P34567,North America,728,257,157,1219,0.75,48.27,21.58,6.76,1.35,None,1768
2023-04-14,P34567,Asia,618,98,174,1054,0.66,54.84,15.58,8.16,1.03,Strike,1283
2023-04-15,P34567,North America,236,203,156,872,0.77,43.65,22.49,7.39,1.3,Strike,876
2023-04-16,P34567,North America,982,140,122,983,0.62,57.64,26.47,6.3,1.26,Weather Disruption,1776
2023-04-17,P34567,Europe,787,86,147,1472,0.93,49.48,18.98,9.72,1.47,Strike,2482
2023-04-18,P34567,Europe,939,117,121,1146,0.63,58.81,27.1,7.73,1.45,Weather Disruption,2025
2023-04-19,P34567,Asia,597,99,116,727,0.75,64.25,18.78,9.35,1.35,Weather Disruption,1301
2023-04-20,P34567,Europe,926,201,168,1122,0.79,58.35,27.36,8.11,1.31,Weather Disruption,1998
2023-04-21,P34567,Asia,826,68,110,806,0.94,48.87,16.28,8.15,0.99,None,1541
2023-04-22,P34567,Europe,576,149,193,956,0.66,47.67,27.99,3.56,1.39,Weather Disruption,1357
2023-04-23,P34567,North America,693,109,114,659,0.64,49.82,22.49,5.52,1.1,Strike,1129
2023-04-24,P34567,Asia,322,216,190,830,0.6,44.94,19.45,9.01,0.99,Weather Disruption,708
2023-04-25,P34567,Asia,471,251,134,1275,0.65,45.44,18.98,4.63,1.07,Weather Disruption,1207
2023-04-26,P34567,North America,501,138,132,724,0.67,63.72,21.48,3.81,1.39,Weather Disruption,1112
2023-04-27,P34567,Asia,542,195,183,1482,0.82,51.54,29.99,5.28,0.9,None,1605
2023-04-28,P34567,Asia,589,196,115,1228,0.68,53.08,18.3,4.54,1.12,Strike,1396
2023-04-29,P34567,Europe,714,213,133,1003,0.61,57.82,16.55,9.48,1.14,None,1319
2023-04-30,P34567,Asia,372,251,165,955,0.89,57.69,23.78,9.08,0.83,Strike,1033
2023-05-01,P34567,North America,625,274,198,544,0.73,42.02,22.33,6.5,0.94,None,847
2023-05-02,P34567,Europe,258,232,139,713,0.72,64.95,22.86,3.43,1.38,Strike,753
2023-05-03,P34567,Europe,251,291,127,558,0.71,45.32,25.0,8.0,1.38,None,597
2023-05-04,P34567,North America,719,118,146,1143,0.94,61.69,19.01,7.36,1.0,Weather Disruption,1734
2023-05-05,P34567,North America,287,224,138,1115,0.66,63.18,28.66,9.79,1.41,None,1028
2023-05-06,P34567,Europe,912,98,169,694,0.91,61.45,21.54,6.91,1.34,None,1804
2023-05-07,P34567,Asia,197,276,172,1424,0.87,57.37,16.94,5.35,1.09,Weather Disruption,1315
2023-05-08,P34567,Europe,230,157,119,988,0.63,40.44,26.13,6.63,1.32,Weather Disruption,847
2023-05-09,P34567,North America,904,275,100,656,0.95,50.81,24.65,9.85,1.47,Strike,1814
2023-05-10,P34567,Europe,270,210,171,1109,0.69,58.15,19.74,7.87,1.12,Strike,962
2023-05-11,P34567,North America,282,168,186,725,0.63,51.62,24.32,7.7,0.97,Strike,646
2023-05-12,P34567,Europe,463,198,162,911,0.89,65.9,18.3,4.68,1.46,None,1387
2023-05-13,P34567,Asia,138,258,166,704,0.85,49.26,21.67,8.21,1.22,Strike,637
2023-05-14,P34567,Europe,626,199,103,578,0.82,48.81,28.49,8.25,0.87,None,919
2023-05-15,P34567,Europe,987,225,157,623,0.65,47.98,17.0,5.22,1.2,None,1476
2023-05-16,P34567,North America,596,86,124,970,0.77,49.98,20.8,6.39,1.15,Strike,1389
2023-05-17,P34567,North America,615,192,146,1439,0.87,56.72,27.32,5.06,1.4,Strike,2016
2023-05-18,P34567,North America,448,212,137,717,0.71,61.21,29.54,4.81,1.17,None,927
2023-05-19,P34567,Europe,496,269,114,1015,0.71,59.88,21.81,3.18,0.98,Weather Disruption,1072
2023-05-20,P34567,Asia,821,248,162,1101,0.6,64.23,22.6,5.0,1.27,Weather Disruption,1579
2023-05-21,P34567,North America,260,209,120,603,0.66,66.58,23.58,6.88,1.18,None,600
2023-05-22,P34567,North America,115,60,198,892,0.91,64.48,28.99,3.01,0.96,Strike,892
2023-05-23,P34567,Europe,592,187,156,1130,0.75,40.57,27.87,4.98,1.2,None,1464
2023-05-24,P34567,North America,525,250,152,1144,0.94,62.08,17.56,9.17,1.38,None,1674
2023-05-25,P34567,Asia,207,127,145,1323,0.74,46.25,21.55,7.16,0.82,Strike,1085
2023-05-26,P34567,Asia,993,126,113,1107,0.85,43.99,21.96,7.26,1.24,Weather Disruption,2109
2023-05-27,P34567,North America,549,234,199,1479,0.7,59.15,26.84,5.82,1.04,None,1489
2023-05-28,P34567,North America,410,202,175,933,0.73,49.59,24.04,7.74,1.0,Weather Disruption,990
2023-05-29,P34567,Europe,838,51,116,830,0.67,41.71,24.81,4.33,1.07,Weather Disruption,1427
2023-05-30,P34567,Asia,269,113,138,642,0.72,44.13,29.97,8.73,1.04,Strike,685
2023-05-31,P34567,Asia,645,84,108,1299,0.79,40.03,16.12,3.82,1.38,None,1874
2023-06-01,P34567,North America,513,56,198,1039,0.95,67.1,18.35,7.59,0.99,None,1466
2023-06-02,P34567,Europe,350,134,176,777,0.83,40.74,21.12,5.39,1.31,Weather Disruption,1036
2023-06-03,P34567,Asia,858,195,178,732,0.67,46.28,20.22,8.23,0.87,Weather Disruption,1139
2023-06-04,P34567,Asia,880,116,181,1028,0.62,52.49,15.32,6.85,1.47,Strike,1872
2023-06-05,P34567,Europe,240,91,196,1070,0.64,50.7,16.38,6.17,1.24,Weather Disruption,936
2023-06-06,P34567,Europe,373,167,105,589,0.8,67.35,25.21,4.19,1.29,Strike,868
2023-06-07,P34567,Asia,515,174,190,991,0.87,41.21,28.19,7.46,1.01,None,1295
2023-06-08,P34567,Asia,707,216,122,698,0.93,55.37,22.71,9.82,1.09,Strike,1311
2023-06-09,P34567,Europe,838,218,158,861,0.61,60.41,23.09,8.78,0.96,Weather Disruption,1220
2023-06-10,P34567,Asia,990,290,190,940,0.78,67.95,18.83,3.42,1.45,None,2023
2023-06-11,P34567,North America,138,252,197,525,0.76,58.61,26.52,5.63,1.14,Strike,430
2023-06-12,P34567,North America,913,280,145,524,0.83,64.11,26.28,9.48,1.24,None,1427
2023-06-13,P34567,Europe,128,73,137,893,0.8,42.51,23.83,6.52,1.31,Strike,845
2023-06-14,P34567,Europe,576,237,113,1006,0.84,51.58,18.19,7.63,1.06,Weather Disruption,1337
2023-06-15,P34567,Europe,417,95,199,800,0.83,51.22,16.46,9.39,1.3,Weather Disruption,1158
2023-06-16,P34567,North America,344,68,171,838,0.64,66.59,15.96,9.12,1.27,None,939
2023-06-17,P34567,Asia,847,117,161,766,0.88,44.54,23.89,6.51,1.29,None,1708
2023-06-18,P34567,North America,796,267,134,960,0.64,44.56,27.38,6.06,1.14,None,1388
2023-06-19,P34567,Asia,371,151,118,1192,0.84,49.86,27.87,5.38,1.07,Strike,1322
2023-06-20,P34567,North America,539,91,129,955,0.75,41.63,21.95,8.03,0.96,Weather Disruption,1188
2023-06-21,P34567,Asia,847,81,177,859,0.78,45.47,26.76,5.01,1.38,None,1798
2023-06-22,P34567,North America,338,216,183,567,0.92,68.96,29.2,4.75,1.23,None,829
2023-06-23,P34567,Europe,476,158,124,1362,0.91,52.85,19.13,5.49,1.11,None,1688
2023-06-24,P34567,North America,365,287,139,911,0.89,58.96,20.97,4.24,1.46,Strike,1200
2023-06-25,P34567,Asia,458,85,187,1470,0.78,61.78,28.97,7.87,0.83,None,1484
2023-06-26,P34567,North America,439,281,113,990,0.86,51.01,20.07,7.31,1.4,None,1325
2023-06-27,P34567,North America,488,278,125,1332,0.78,44.42,28.71,6.38,1.5,Strike,1631
2023-06-28,P34567,North America,676,146,186,548,0.9,46.2,29.72,5.73,1.42,Strike,1380
2023-06-29,P34567,Europe,788,213,121,1186,0.74,49.4,24.93,9.36,1.37,None,1850
2023-06-30,P34567,North America,102,180,147,1063,0.94,59.08,27.25,3.2,1.06,None,1017
2023-07-01,P34567,Europe,528,122,182,601,0.93,51.95,26.24,8.38,0.96,Strike,1004
2023-07-02,P34567,Europe,241,185,150,715,0.86,40.2,25.49,9.31,1.31,Weather Disruption,838
2023-07-03,P34567,North America,475,146,102,937,0.7,55.7,19.6,6.12,1.01,Strike,1062
2023-07-04,P34567,North America,769,172,141,1199,0.65,67.65,15.86,6.85,0.92,Weather Disruption,1400
2023-07-05,P34567,North America,423,119,118,1068,0.9,64.36,20.15,9.61,1.35,None,1472
2023-07-06,P34567,Asia,245,218,172,1058,0.66,64.76,25.0,4.49,1.02,None,839
2023-07-07,P34567,North America,392,280,127,658,0.9,63.85,16.54,6.64,1.44,Weather Disruption,1016
2023-07-08,P34567,Europe,764,245,183,988,0.77,49.71,15.18,6.32,1.39,Strike,1700
2023-07-09,P34567,North America,531,62,144,1185,0.74,62.96,17.1,4.81,1.39,None,1583
2023-07-10,P34567,Asia,804,98,170,741,0.92,44.29,25.74,8.73,1.34,Weather Disruption,1710
2023-07-11,P34567,North America,684,109,177,1293,0.81,59.73,29.59,9.3,1.42,Strike,1964
2023-07-12,P34567,Asia,498,179,162,1252,0.8,59.25,29.75,8.47,1.36,Weather Disruption,1589
2023-07-13,P34567,Asia,916,237,172,1381,0.8,40.77,22.41,4.37,1.22,Strike,2103
2023-07-14,P34567,North America,988,54,118,504,0.73,63.64,28.04,3.61,1.01,Strike,1338
2023-07-15,P34567,Europe,443,221,146,1095,0.87,67.1,26.05,7.24,1.42,Strike,1471
2023-07-16,P34567,Asia,239,76,113,1319,0.69,48.02,22.52,3.4,1.39,Strike,1204
2023-07-17,P34567,North America,286,209,137,860,0.93,64.37,23.59,7.71,1.13,Weather Disruption,1018
2023-07-18,P34567,North America,904,198,152,958,0.91,42.47,17.06,6.71,0.83,Weather Disruption,1523
2023-07-19,P34567,Europe,160,57,160,747,0.72,58.0,29.06,7.64,1.25,Weather Disruption,709
2023-07-20,P34567,Asia,479,279,135,1065,0.86,54.57,20.28,7.13,0.84,Weather Disruption,1178
2023-07-21,P34567,Asia,809,249,139,1172,0.8,56.38,21.69,5.96,1.45,Weather Disruption,1986
2023-07-22,P34567,North America,906,99,180,1445,0.72,67.79,25.07,4.41,1.47,Strike,2322
2023-07-23,P34567,North America,539,116,129,921,0.95,66.14,20.01,5.14,0.93,None,1318
2023-07-24,P34567,Europe,418,295,108,1422,0.61,63.55,18.81,6.67,1.27,None,1250
2023-07-25,P34567,Europe,401,93,163,1237,0.69,48.21,24.47,7.56,0.86,Weather Disruption,1151
2023-07-26,P34567,Asia,443,174,132,514,0.78,67.35,15.37,8.46,1.31,Weather Disruption,894
2023-07-27,P34567,Asia,110,107,151,1235,0.78,42.93,25.81,8.37,1.04,None,1024
2023-07-28,P34567,North America,161,52,188,1072,0.81,65.6,22.71,9.81,1.28,Strike,1048
2023-07-29,P34567,Asia,944,135,113,621,0.86,49.84,24.09,5.0,1.06,Weather Disruption,1467
2023-07-30,P34567,Europe,325,119,174,776,0.82,41.61,24.48,3.5,0.9,Strike,869
2023-07-31,P34567,Europe,252,179,152,1057,0.81,60.08,22.91,5.42,1.08,None,1038
2023-08-01,P34567,North America,810,264,198,952,0.62,46.94,23.74,8.2,0.88,None,1171
2023-08-02,P34567,Europe,663,221,158,889,0.73,47.31,25.26,6.07,1.2,Weather Disruption,1334
2023-08-03,P34567,Europe,871,51,177,793,0.68,49.18,26.3,8.72,0.83,Strike,1236
2023-08-04,P34567,Europe,670,151,193,1073,0.69,41.91,25.91,6.85,1.17,Weather Disruption,1448
2023-08-05,P34567,Europe,683,258,140,1097,0.79,45.31,28.04,9.51,1.42,None,1707
2023-08-06,P34567,North America,759,84,167,945,0.67,40.15,17.84,9.64,1.39,Strike,1646
2023-08-07,P34567,North America,960,147,167,709,0.7,53.36,21.02,3.49,1.42,Weather Disruption,1785
2023-08-08,P34567,Asia,674,264,191,1089,0.68,42.53,29.22,6.19,1.45,Weather Disruption,1585
2023-08-09,P34567,Europe,409,79,107,1213,0.93,60.48,20.95,7.27,0.87,Weather Disruption,1444
2023-08-10,P34567,Asia,984,165,101,801,0.93,47.07,16.87,4.79,0.89,None,1538
2023-08-11,P34567,North America,342,57,185,1408,0.81,68.31,22.88,5.85,1.19,Weather Disruption,1518
2023-08-12,P34567,North America,592,199,140,722,0.92,66.14,16.64,7.74,1.43,Strike,1411
2023-08-13,P34567,North America,465,93,154,1233,0.88,48.68,18.04,4.59,1.48,Weather Disruption,1726
2023-08-14,P34567,North America,429,235,115,502,0.81,63.5,29.97,7.21,0.83,None,645
2023-08-15,P34567,North America,206,85,192,1489,0.6,64.1,23.12,7.88,1.05,Weather Disruption,1067
2023-08-16,P34567,North America,325,246,161,1017,0.87,69.6,19.26,3.63,0.95,None,1070
2023-08-17,P34567,North America,924,126,147,592,0.85,57.94,29.92,6.48,1.33,None,1669
2023-08-18,P34567,Europe,317,270,129,1019,0.82,42.46,29.5,4.84,1.25,Strike,1096
2023-08-19,P34567,Asia,852,80,111,927,0.87,59.41,21.61,8.07,0.88,Strike,1516
2023-08-20,P34567,North America,605,96,134,992,0.78,58.75,18.91,4.33,1.14,Weather Disruption,1415
2023-08-21,P34567,Europe,358,298,110,734,0.85,59.15,27.58,9.25,1.28,None,933
2023-08-22,P34567,Europe,987,104,163,1119,0.93,49.21,25.73,6.02,1.35,None,2321
2023-08-23,P34567,Asia,873,257,149,660,0.73,65.79,25.3,4.39,0.81,Strike,1060
2023-08-24,P34567,North America,616,155,184,1220,0.85,68.78,28.4,6.07,1.42,Strike,1834
2023-08-25,P34567,Asia,872,239,120,1251,0.77,46.53,25.34,5.86,1.2,Weather Disruption,1890
2023-08-26,P34567,North America,153,207,168,830,0.84,42.64,19.26,6.0,1.37,None,803
2023-08-27,P34567,Europe,146,170,147,832,0.87,45.84,25.41,7.1,1.37,Strike,838
2023-08-28,P34567,Europe,826,104,119,549,0.62,64.62,19.59,6.65,0.93,Weather Disruption,1056
2023-08-29,P34567,Europe,788,193,166,1022,0.83,60.3,26.39,4.05,0.88,None,1445
2023-08-30,P34567,Europe,620,61,143,1362,0.68,59.08,24.3,3.46,1.3,None,1701
2023-08-31,P34567,Asia,198,194,132,1167,0.83,52.05,16.16,8.11,0.91,Strike,1051
2023-09-01,P34567,North America,119,193,172,991,0.76,57.33,22.69,6.92,1.39,Weather Disruption,822
2023-09-02,P34567,North America,989,189,160,1081,0.87,49.24,20.15,5.51,1.31,Strike,2141
2023-09-03,P34567,Asia,852,185,108,1180,0.64,54.32,19.93,8.66,1.39,Weather Disruption,1846
2023-09-04,P34567,North America,672,261,167,771,0.82,63.79,24.03,5.72,1.01,None,1180
2023-09-05,P34567,Europe,990,52,134,1079,0.7,69.44,19.83,8.57,1.02,Weather Disruption,1739
2023-09-06,P34567,North America,589,193,180,1366,0.9,67.97,26.65,5.14,1.27,Weather Disruption,1880
2023-09-07,P34567,Europe,518,79,197,751,0.92,68.02,16.06,3.51,0.82,Weather Disruption,1076
2023-01-01,P98765,Asia,789,286,187,1059,0.95,52.07,24.91,9.53,1.31,Weather Disruption,1896
2023-01-02,P98765,North America,949,72,195,1195,0.88,54.06,27.14,5.76,1.39,Weather Disruption,2334
2023-01-03,P98765,Asia,161,141,164,1331,0.86,61.17,25.09,8.55,1.09,Strike,1249
2023-01-04,P98765,North America,244,164,107,1198,0.68,67.67,22.46,4.95,1.34,Weather Disruption,1059
2023-01-05,P98765,Europe,315,153,144,589,0.72,44.26,29.25,7.52,0.92,Weather Disruption,637
2023-01-06,P98765,Asia,102,167,186,945,0.76,49.13,19.5,9.11,1.03,None,739
2023-01-07,P98765,North America,259,54,146,831,0.87,44.18,15.29,3.29,1.48,Weather Disruption,1079
2023-01-08,P98765,Europe,838,261,139,638,0.92,58.36,21.48,8.81,1.49,None,1705
2023-01-09,P98765,Asia,880,153,175,856,0.67,49.19,15.5,7.0,1.16,Strike,1517
2023-01-10,P98765,Asia,219,297,153,1100,0.92,49.78,29.31,7.25,1.45,Strike,1181
2023-01-11,P98765,North America,992,157,175,773,0.84,42.13,18.15,6.66,1.17,Weather Disruption,1731
2023-01-12,P98765,North America,188,114,145,518,0.81,50.49,26.83,9.12,1.0,Strike,550
2023-01-13,P98765,North America,428,170,146,1482,0.67,65.87,26.62,3.3,0.99,Weather Disruption,1331
2023-01-14,P98765,Europe,679,79,114,810,0.62,46.99,18.27,4.83,1.45,Strike,1447
2023-01-15,P98765,North America,456,198,118,1369,0.8,60.86,24.32,9.13,0.92,Weather Disruption,1415
2023-01-16,P98765,Asia,709,133,125,1385,0.83,58.89,15.72,8.27,1.21,Weather Disruption,1940
2023-01-17,P98765,Asia,366,247,151,1477,0.67,65.9,22.25,3.12,1.19,None,1301
2023-01-18,P98765,North America,716,199,192,653,0.79,43.97,15.22,6.62,1.32,None,1361
2023-01-19,P98765,North America,422,259,121,889,0.9,69.33,28.82,6.71,1.15,None,1155
2023-01-20,P98765,Asia,734,249,120,759,0.89,57.48,29.64,5.81,0.99,None,1277
2023-01-21,P98765,Europe,640,280,150,1119,0.92,69.86,18.33,5.08,0.92,Weather Disruption,1478
2023-01-22,P98765,North America,748,81,137,1382,0.73,67.35,18.12,7.77,1.23,Strike,1888
2023-01-23,P98765,North America,294,210,119,1296,0.71,46.65,26.31,4.45,1.3,Weather Disruption,1197
2023-01-24,P98765,Asia,837,294,128,1070,0.86,41.68,18.8,8.59,1.2,None,1777
2023-01-25,P98765,North America,431,65,150,624,0.75,47.67,28.43,8.62,1.32,None,1004
2023-01-26,P98765,Europe,269,253,103,853,0.63,55.83,23.61,5.91,0.9,Strike,652
2023-01-27,P98765,Asia,620,87,154,772,0.7,45.15,20.26,4.98,1.42,None,1377
2023-01-28,P98765,North America,562,293,170,1118,0.75,45.02,27.49,4.99,1.21,Weather Disruption,1372
2023-01-29,P98765,Asia,139,275,191,1310,0.7,53.88,22.4,6.38,0.89,Weather Disruption,903
2023-01-30,P98765,North America,636,191,127,744,0.72,41.0,28.67,8.04,1.12,Weather Disruption,1152
2023-01-31,P98765,North America,360,85,103,1347,0.7,43.66,28.92,5.51,1.39,Weather Disruption,1400
2023-02-01,P98765,North America,494,274,121,949,0.61,52.48,17.48,7.27,1.43,Weather Disruption,1148
2023-02-02,P98765,Europe,325,200,175,1429,0.82,41.89,15.03,5.68,0.99,Strike,1393
2023-02-03,P98765,Europe,223,163,144,746,0.81,51.9,29.76,5.13,1.3,Weather Disruption,812
2023-02-04,P98765,Asia,137,286,166,1019,0.83,54.22,28.59,3.17,0.87,None,821
2023-02-05,P98765,North America,427,115,185,640,0.67,53.54,15.83,3.03,0.82,None,721
2023-02-06,P98765,North America,350,154,165,861,0.7,66.08,27.5,4.59,1.19,None,942
2023-02-07,P98765,Europe,275,134,187,507,0.82,55.9,21.87,5.84,1.29,None,703
2023-02-08,P98765,North America,701,51,133,977,0.81,54.04,18.88,8.96,1.36,Strike,1719
2023-02-09,P98765,Europe,553,268,190,851,0.78,52.32,28.18,8.59,1.04,None,1104
2023-02-10,P98765,North America,136,298,154,1495,0.72,64.53,17.95,4.87,0.8,Strike,1036
2023-02-11,P98765,Asia,415,250,100,994,0.92,66.85,29.21,4.71,1.14,None,1262
2023-02-12,P98765,North America,787,242,171,1105,0.72,65.6,18.08,4.59,0.81,Strike,1312
2023-02-13,P98765,North America,895,124,186,1332,0.76,60.21,24.21,5.37,0.86,Strike,1720
2023-02-14,P98765,Europe,692,116,137,926,0.84,44.12,18.35,6.49,1.03,Strike,1432
2023-02-15,P98765,North America,213,229,105,538,0.79,48.31,23.19,6.07,1.11,None,546
2023-02-16,P98765,North America,139,239,185,1092,0.72,41.38,25.26,4.53,1.0,Strike,805
2023-02-17,P98765,Europe,400,200,124,686,0.75,67.92,17.85,3.91,1.21,Weather Disruption,898
2023-02-18,P98765,Asia,323,203,181,1095,0.88,59.82,22.81,3.09,0.84,Weather Disruption,1133
2023-02-19,P98765,Asia,417,245,116,1099,0.7,62.39,22.04,4.08,0.9,None,1022
2023-02-20,P98765,Europe,448,259,160,1253,0.65,49.35,16.07,7.94,1.29,Weather Disruption,1262
2023-02-21,P98765,Europe,214,104,111,1353,0.71,65.37,27.27,4.71,0.9,Weather Disruption,1101
2023-02-22,P98765,Europe,797,55,105,592,0.9,47.79,20.04,6.28,1.25,Weather Disruption,1501
2023-02-23,P98765,Europe,422,212,189,585,0.63,40.05,23.62,7.14,0.84,None,617
2023-02-24,P98765,Europe,667,199,126,543,0.95,51.29,22.72,9.21,1.09,None,1143
2023-02-25,P98765,Asia,139,220,107,636,0.79,57.12,22.7,9.22,0.92,Weather Disruption,520
2023-02-26,P98765,Asia,965,192,182,920,0.94,54.36,16.61,8.22,0.88,None,1618
2023-02-27,P98765,Europe,139,135,164,573,0.93,65.86,21.35,3.25,1.2,Strike,632
2023-02-28,P98765,North America,958,109,156,1047,0.76,43.16,21.79,7.03,1.45,Weather Disruption,2130
2023-03-01,P98765,Europe,848,150,192,1112,0.67,56.61,26.0,8.51,0.84,None,1382
2023-03-02,P98765,North America,388,293,198,1487,0.66,55.39,27.6,3.12,1.1,None,1261
2023-03-03,P98765,Europe,361,283,139,1011,0.68,48.44,23.17,6.85,1.3,Weather Disruption,1015
2023-03-04,P98765,Europe,315,61,113,655,0.85,64.67,16.3,9.0,1.12,None,879
2023-03-05,P98765,Asia,246,288,134,1437,0.7,62.59,18.55,6.32,1.36,Weather Disruption,1196
2023-03-06,P98765,North America,435,98,147,754,0.72,61.99,17.47,3.03,0.93,None,898
2023-03-07,P98765,North America,267,91,183,670,0.76,66.29,16.87,3.08,1.47,Strike,856
2023-03-08,P98765,Asia,191,215,155,1480,0.92,61.68,20.49,5.92,1.07,Weather Disruption,1458
2023-03-09,P98765,Asia,452,131,148,1227,0.67,46.96,18.44,4.09,1.04,Strike,1226
2023-03-10,P98765,Asia,670,222,112,669,0.6,61.17,18.27,7.65,1.41,Weather Disruption,1235
2023-03-11,P98765,Asia,670,84,160,1263,0.62,49.23,15.82,7.96,1.19,None,1538
2023-03-12,P98765,North America,915,207,148,1371,0.92,47.27,15.27,4.25,1.16,Strike,2219
2023-03-13,P98765,North America,780,265,145,821,0.83,42.19,16.54,9.22,1.31,None,1570
2023-03-14,P98765,Europe,880,283,161,1066,0.7,62.32,17.58,6.09,1.21,Weather Disruption,1669
2023-03-15,P98765,Europe,462,207,107,955,0.66,61.33,21.46,4.0,0.91,Weather Disruption,947
2023-03-16,P98765,Asia,656,255,142,1443,0.7,47.03,22.66,8.35,1.27,Weather Disruption,1715
2023-03-17,P98765,Asia,444,183,119,1102,0.64,62.48,17.11,8.53,0.89,Weather Disruption,1008
2023-03-18,P98765,Asia,792,116,196,1289,0.93,67.54,21.37,7.48,1.36,Weather Disruption,2217
2023-03-19,P98765,Europe,269,129,189,1112,0.87,43.24,20.13,8.97,1.49,Strike,1303
2023-03-20,P98765,Europe,455,56,138,654,0.76,46.98,17.75,8.16,1.06,Weather Disruption,951
2023-03-21,P98765,Europe,290,229,184,1388,0.9,62.51,15.1,9.18,1.11,None,1456
2023-03-22,P98765,Europe,766,63,148,848,0.69,48.24,22.01,6.04,0.83,Strike,1189
2023-03-23,P98765,Europe,521,122,163,950,0.85,58.74,25.28,8.23,0.81,None,1168
2023-03-24,P98765,Europe,799,192,161,1375,0.9,42.43,18.39,10.0,1.44,Weather Disruption,2292
2023-03-25,P98765,Europe,106,198,153,1152,0.72,53.57,16.98,8.07,0.89,None,824
2023-03-26,P98765,Asia,232,212,108,672,0.87,62.17,28.31,3.8,1.11,Strike,736
2023-03-27,P98765,Asia,846,115,187,509,0.7,60.6,19.13,6.63,1.37,Strike,1457
2023-03-28,P98765,Asia,656,140,136,1239,0.7,64.45,18.35,7.11,1.42,Strike,1728
2023-03-29,P98765,Asia,925,179,148,764,0.64,66.32,27.86,4.22,1.16,None,1472
2023-03-30,P98765,Europe,860,212,140,937,0.75,63.2,27.26,9.74,1.2,Strike,1628
2023-03-31,P98765,North America,130,259,116,1259,0.86,60.15,21.73,4.23,1.27,None,1118
2023-04-01,P98765,Europe,634,255,187,746,0.93,40.95,22.34,4.24,1.47,Weather Disruption,1498
2023-04-02,P98765,North America,525,69,120,1166,0.81,56.05,18.27,9.41,1.22,Weather Disruption,1550
2023-04-03,P98765,Asia,493,259,150,1045,0.9,41.13,16.17,6.26,1.19,None,1397
2023-04-04,P98765,Europe,771,59,158,998,0.89,64.24,23.6,3.44,0.81,Strike,1483
2023-04-05,P98765,Asia,462,74,138,628,0.66,49.62,16.48,7.19,0.86,None,774
2023-04-06,P98765,Europe,536,243,154,1171,0.77,56.87,21.74,7.21,1.2,None,1423
2023-04-07,P98765,Asia,769,74,140,1100,0.64,48.38,29.11,3.45,1.46,None,1789
2023-04-08,P98765,North America,650,103,138,1104,0.84,63.48,29.29,9.81,1.41,Weather Disruption,1792
2023-04-09,P98765,North America,181,82,112,826,0.93,66.6,18.59,6.81,1.49,None,996
2023-04-10,P98765,North America,455,213,163,1252,0.65,51.96,24.36,6.92,1.17,Weather Disruption,1239
2023-04-11,P98765,Europe,357,144,110,1334,0.86,65.89,22.11,6.64,1.35,None,1557
2023-04-12,P98765,North America,817,63,118,1479,0.82,48.01,28.14,7.28,1.39,Weather Disruption,2316
2023-04-13,P98765,Europe,688,114,110,903,0.8,56.04,19.07,4.85,1.25,None,1525
2023-04-14,P98765,North America,623,159,176,1128,0.74,65.76,15.06,5.01,1.04,None,1403
2023-04-15,P98765,North America,394,129,145,1105,0.72,49.78,17.44,6.58,1.13,Strike,1176
2023-04-16,P98765,Europe,323,103,144,1174,0.62,68.62,20.24,8.65,1.4,Strike,1128
2023-04-17,P98765,Europe,624,287,100,1110,0.68,43.66,19.74,3.35,1.01,None,1241
2023-04-18,P98765,North America,145,174,139,1124,0.61,40.55,26.87,7.22,1.45,None,808
2023-04-19,P98765,Europe,766,229,118,858,0.8,67.12,25.21,8.65,0.96,None,1307
2023-04-20,P98765,North America,212,180,175,1102,0.64,42.06,19.49,4.1,1.32,None,895
2023-04-21,P98765,Europe,332,276,171,1357,0.91,69.76,21.87,3.11,1.24,Strike,1508
2023-04-22,P98765,Asia,116,218,171,1217,0.78,68.54,16.43,5.19,1.32,Weather Disruption,993
2023-04-23,P98765,Asia,459,183,160,516,0.84,44.11,28.47,7.12,1.11,None,851
2023-04-24,P98765,Asia,322,74,111,773,0.74,56.13,29.03,3.97,1.45,Strike,1001
2023-04-25,P98765,Asia,965,190,160,1184,0.8,45.55,29.7,5.98,1.24,None,2048
2023-04-26,P98765,Asia,799,166,132,615,0.93,52.84,28.03,6.87,1.0,None,1287
2023-04-27,P98765,North America,547,275,144,1360,0.63,41.84,17.61,7.19,1.25,Weather Disruption,1403
2023-04-28,P98765,Asia,955,185,189,1479,0.69,46.72,15.69,4.92,1.0,None,1883
2023-04-29,P98765,Asia,464,198,191,1192,0.87,50.9,23.69,5.8,1.01,None,1406
2023-04-30,P98765,Asia,774,275,168,590,0.63,53.16,28.69,8.45,1.08,Weather Disruption,1070
2023-05-01,P98765,Asia,425,245,107,581,0.63,69.32,17.66,9.59,1.4,Weather Disruption,838
2023-05-02,P98765,Europe,566,74,124,823,0.73,64.24,15.11,9.03,1.15,Weather Disruption,1214
2023-05-03,P98765,North America,513,128,190,1460,0.63,62.12,27.08,6.95,1.28,Weather Disruption,1512
2023-05-04,P98765,Asia,554,117,145,613,0.8,56.11,16.15,5.87,1.07,Strike,1024
2023-05-05,P98765,Asia,685,222,186,1268,0.68,65.2,21.21,5.33,0.98,Strike,1422
2023-05-06,P98765,Asia,332,237,129,557,0.91,50.18,25.18,3.87,1.47,Strike,876
2023-05-07,P98765,North America,323,61,146,653,0.87,61.27,18.55,3.75,1.22,None,931
2023-05-08,P98765,Europe,930,81,186,1376,0.84,69.81,16.26,7.82,1.45,Weather Disruption,2463
2023-05-09,P98765,North America,511,177,148,903,0.82,49.44,26.55,4.82,0.94,Weather Disruption,1132
2023-05-10,P98765,Europe,671,145,146,1127,0.9,60.22,24.45,4.78,0.9,Strike,1545
2023-05-11,P98765,Asia,434,141,183,1354,0.68,65.33,29.83,9.99,1.4,None,1457
2023-05-12,P98765,Asia,321,190,181,765,0.91,67.47,20.16,4.32,1.28,None,1012
2023-05-13,P98765,North America,136,80,117,814,0.88,61.54,15.93,4.04,0.93,None,802
2023-05-14,P98765,North America,377,127,165,1214,0.86,48.51,26.02,3.69,0.99,Strike,1353
2023-05-15,P98765,Europe,295,69,167,540,0.8,49.79,22.83,7.06,1.36,None,798
2023-05-16,P98765,Europe,963,195,193,604,0.69,40.62,18.2,7.4,1.12,None,1397
2023-05-17,P98765,North America,583,270,132,1400,0.75,62.83,26.73,5.56,1.27,None,1655
2023-05-18,P98765,Europe,341,109,135,1389,0.88,41.28,18.06,6.75,1.02,Weather Disruption,1515
2023-05-19,P98765,North America,423,240,181,692,0.61,65.94,18.91,8.52,1.07,Strike,754
2023-05-20,P98765,Europe,830,183,118,900,0.87,43.56,16.39,8.73,1.49,Weather Disruption,1928
2023-05-21,P98765,North America,291,209,127,777,0.68,45.16,20.99,9.71,0.97,Weather Disruption,706
2023-05-22,P98765,North America,116,142,139,853,0.65,54.3,21.28,8.77,1.15,Strike,616
2023-05-23,P98765,North America,623,92,183,1248,0.64,62.14,22.72,6.95,1.39,Weather Disruption,1618
2023-05-24,P98765,Europe,500,179,196,1436,0.61,44.17,25.63,4.26,0.97,None,1271
2023-05-25,P98765,Europe,985,109,175,1232,0.78,53.2,28.59,3.7,1.09,None,1980
2023-05-26,P98765,Europe,804,200,114,1079,0.68,54.49,17.07,3.38,1.23,None,1622
2023-05-27,P98765,North America,121,260,140,1208,0.95,46.37,15.82,7.67,1.14,None,1155
2023-05-28,P98765,Europe,573,80,138,755,0.8,43.47,15.28,8.65,1.12,Strike,1205
2023-05-29,P98765,Europe,219,292,101,1150,0.65,65.09,17.15,6.56,1.05,Weather Disruption,831
2023-05-30,P98765,North America,309,54,162,1323,0.84,55.07,24.87,3.38,1.21,Weather Disruption,1458
2023-05-31,P98765,Asia,405,260,128,1446,0.91,40.43,25.91,6.75,1.24,None,1688
2023-06-01,P98765,North America,369,211,173,1160,0.86,64.09,26.8,9.55,1.26,None,1357
2023-06-02,P98765,Europe,803,59,165,598,0.63,69.42,18.66,7.18,0.85,Weather Disruption,1029
2023-06-03,P98765,North America,786,138,150,1087,0.91,58.18,19.59,8.67,1.24,Strike,1894
2023-06-04,P98765,Asia,384,179,174,781,0.88,55.11,22.25,8.6,1.47,Weather Disruption,1162
2023-06-05,P98765,North America,815,175,176,1382,0.66,66.35,15.95,9.52,1.18,None,1786
2023-06-06,P98765,Europe,775,60,109,902,0.62,68.58,24.17,8.39,1.3,None,1536
2023-06-07,P98765,Asia,862,227,113,608,0.8,62.64,29.76,8.23,1.19,Strike,1398
2023-06-08,P98765,Europe,326,208,181,1199,0.65,53.36,20.41,4.64,1.4,Weather Disruption,1131
2023-06-09,P98765,Asia,480,105,150,698,0.89,57.77,26.29,3.42,1.45,Strike,1264
2023-06-10,P98765,Asia,559,256,172,802,0.73,61.03,22.5,6.62,0.93,Strike,977
2023-06-11,P98765,North America,106,250,138,826,0.92,45.83,16.92,3.87,1.11,None,752
2023-06-12,P98765,North America,128,264,127,653,0.8,53.42,23.73,9.74,1.07,Weather Disruption,527
2023-06-13,P98765,Europe,132,132,102,1051,0.66,64.89,19.5,5.03,1.08,None,770
2023-06-14,P98765,North America,745,186,183,1144,0.65,59.64,15.52,8.97,0.89,Weather Disruption,1313
2023-06-15,P98765,North America,978,148,169,904,0.8,52.34,24.52,5.71,1.37,None,1989
2023-06-16,P98765,Asia,178,198,126,961,0.87,59.9,27.88,5.26,0.83,None,884
2023-06-17,P98765,North America,558,122,101,631,0.87,43.55,20.17,9.55,1.17,Weather Disruption,1140
2023-06-18,P98765,Asia,669,205,192,1290,0.7,52.04,20.85,5.54,1.26,Weather Disruption,1643
2023-06-19,P98765,Asia,637,239,137,1373,0.67,63.79,28.37,5.73,0.95,None,1405
2023-06-20,P98765,Asia,581,287,102,583,0.61,46.62,27.2,3.74,1.43,Weather Disruption,1042
2023-06-21,P98765,Europe,529,164,115,898,0.84,45.58,25.72,7.69,1.39,None,1407
2023-06-22,P98765,Europe,837,56,193,1253,0.63,68.52,18.73,5.02,1.13,Weather Disruption,1707
2023-06-23,P98765,Europe,384,129,139,1127,0.75,46.3,28.65,7.1,1.09,None,1199
2023-06-24,P98765,Asia,615,193,101,608,0.81,47.83,17.32,7.14,0.97,None,992
2023-06-25,P98765,Europe,198,146,180,720,0.93,69.09,24.4,8.03,1.31,None,855
2023-06-26,P98765,Europe,496,53,140,1403,0.71,62.04,15.43,8.22,0.89,Strike,1411
2023-06-27,P98765,North America,588,53,111,1052,0.69,60.99,24.66,6.6,1.28,Weather Disruption,1452
2023-06-28,P98765,Europe,138,152,134,867,0.83,65.59,19.16,5.32,1.39,None,835
2023-06-29,P98765,Europe,370,89,164,646,0.82,43.47,21.75,8.86,0.96,Strike,840
2023-06-30,P98765,Asia,986,66,154,611,0.72,61.18,20.18,5.17,1.41,None,1797
2023-07-01,P98765,Asia,896,150,144,1114,0.92,55.11,17.59,6.55,0.82,Strike,1684
2023-07-02,P98765,Asia,256,152,178,1057,0.9,64.87,24.33,5.81,1.44,None,1243
2023-07-03,P98765,Asia,174,173,189,1423,0.68,55.24,28.23,8.99,0.88,None,1034
2023-07-04,P98765,Asia,983,101,184,993,0.68,58.61,29.39,6.02,1.25,Strike,1853
2023-07-05,P98765,Asia,899,270,161,1004,0.78,54.33,17.89,5.7,0.98,Strike,1529
2023-07-06,P98765,Europe,229,101,148,974,0.87,54.34,25.76,7.83,1.39,Weather Disruption,1115
2023-07-07,P98765,Asia,786,213,194,1335,0.62,63.04,24.97,7.22,1.16,Weather Disruption,1632
2023-07-08,P98765,Asia,183,173,124,1389,0.84,58.86,20.15,3.75,0.89,Strike,1243
2023-07-09,P98765,North America,121,215,122,770,0.83,59.0,15.29,6.56,1.2,Weather Disruption,676
2023-07-10,P98765,Europe,558,280,123,1494,0.68,53.51,25.35,8.15,1.09,Strike,1484
2023-07-11,P98765,Europe,638,227,137,920,0.84,55.93,29.18,9.94,1.26,Weather Disruption,1463
2023-07-12,P98765,Europe,806,112,127,1396,0.93,62.37,24.48,7.4,1.42,None,2386
2023-07-13,P98765,Asia,948,278,120,1206,0.62,64.78,21.53,5.59,1.09,Weather Disruption,1642
2023-07-14,P98765,Asia,481,165,153,866,0.71,60.9,22.88,4.58,1.0,None,1013
2023-07-15,P98765,Asia,847,240,117,779,0.75,67.72,17.99,9.11,0.81,None,1150
2023-07-16,P98765,North America,539,111,135,782,0.91,64.61,26.26,8.7,1.2,Weather Disruption,1302
2023-07-17,P98765,Asia,703,276,198,539,0.94,56.86,26.2,4.64,1.08,Strike,1127
2023-07-18,P98765,North America,120,56,144,1458,0.76,60.14,17.18,4.4,1.06,None,1207
2023-07-19,P98765,Europe,402,204,172,688,0.86,67.79,28.17,8.01,0.93,None,863
2023-07-20,P98765,Asia,968,141,152,663,0.79,58.58,19.04,5.2,1.1,Weather Disruption,1518
2023-07-21,P98765,North America,183,263,129,1493,0.79,64.74,29.73,5.14,1.49,Strike,1320
2023-07-22,P98765,North America,873,63,159,1488,0.7,60.66,20.74,4.07,1.01,Strike,1891
2023-07-23,P98765,Asia,758,248,197,1035,0.68,56.56,17.67,4.85,1.22,Weather Disruption,1504
2023-07-24,P98765,Europe,552,278,131,1035,0.7,47.26,20.28,5.99,1.34,Strike,1325
2023-07-25,P98765,Europe,486,135,166,503,0.79,52.78,21.6,8.13,1.32,Weather Disruption,971
2023-07-26,P98765,Europe,606,182,166,1334,0.61,69.03,16.04,5.35,1.03,Weather Disruption,1346
2023-07-27,P98765,North America,356,232,127,789,0.92,59.73,23.67,5.3,1.23,Weather Disruption,1047
2023-07-28,P98765,North America,669,179,143,1452,0.65,56.93,23.96,4.99,1.41,None,1797
2023-07-29,P98765,North America,991,111,178,932,0.68,67.99,26.08,6.35,0.81,None,1380
2023-07-30,P98765,North America,626,268,140,970,0.78,57.6,15.44,4.26,1.11,None,1317
2023-07-31,P98765,Europe,261,198,162,680,0.85,55.78,23.12,6.4,0.96,Weather Disruption,729
2023-08-01,P98765,Asia,262,295,122,747,0.63,62.78,15.79,7.93,1.07,None,603
2023-08-02,P98765,North America,931,279,174,1127,0.71,61.38,25.52,3.21,1.09,None,1675
2023-08-03,P98765,North America,892,128,147,778,0.94,45.79,15.84,3.07,1.32,None,1844
2023-08-04,P98765,Europe,891,198,131,1376,0.69,54.14,28.68,3.53,0.87,Weather Disruption,1625
2023-08-05,P98765,Asia,623,187,156,1080,0.71,54.18,25.53,6.75,1.16,Weather Disruption,1395
2023-08-06,P98765,Asia,885,264,199,1362,0.89,51.35,22.61,8.98,1.19,Weather Disruption,2133
2023-08-07,P98765,Europe,370,107,132,753,0.62,55.52,21.62,3.03,1.15,None,838
2023-08-08,P98765,Europe,591,169,123,680,0.76,52.39,16.96,9.56,1.31,Strike,1206
2023-08-09,P98765,Asia,307,216,138,1329,0.73,45.98,19.36,3.74,1.07,None,1190
2023-08-10,P98765,North America,638,182,133,1180,0.71,52.37,28.03,8.89,1.46,None,1678
2023-08-11,P98765,Asia,683,114,155,1324,0.7,42.17,28.57,6.38,1.14,Weather Disruption,1648
2023-08-12,P98765,Europe,159,62,127,1008,0.63,57.27,15.01,7.62,1.2,Weather Disruption,794
2023-08-13,P98765,North America,529,262,136,1260,0.71,65.61,23.91,6.57,1.38,None,1493
2023-08-14,P98765,North America,756,267,106,1199,0.62,61.76,25.79,6.34,0.99,None,1358
2023-08-15,P98765,Europe,704,291,167,1065,0.87,50.81,24.28,8.84,0.85,Strike,1379
2023-08-16,P98765,Europe,408,286,136,825,0.74,42.61,16.23,8.29,1.3,Strike,997
2023-08-17,P98765,Europe,619,262,155,856,0.76,46.06,18.27,6.38,1.14,Weather Disruption,1225
2023-08-18,P98765,Asia,690,230,164,1324,0.91,56.36,18.76,3.78,1.43,Strike,2076
2023-08-19,P98765,Asia,126,131,164,1149,0.83,46.21,27.48,3.81,1.49,Strike,1075
2023-08-20,P98765,North America,785,278,146,1179,0.6,56.32,21.95,8.61,1.08,Weather Disruption,1416
2023-08-21,P98765,Europe,661,222,119,890,0.93,46.95,22.3,6.71,1.09,Strike,1437
2023-08-22,P98765,North America,298,209,118,1114,0.68,65.47,29.02,6.37,1.09,None,977
2023-08-23,P98765,North America,486,213,128,1433,0.64,51.92,24.56,7.76,1.03,Strike,1311
2023-08-24,P98765,North America,448,258,173,584,0.87,47.37,28.48,9.01,1.35,Weather Disruption,983
2023-08-25,P98765,North America,792,276,159,816,0.78,64.37,21.85,7.4,1.33,None,1551
2023-08-26,P98765,Europe,635,290,117,711,0.75,50.29,17.24,8.34,1.14,Strike,1112
2023-08-27,P98765,North America,927,237,191,1014,0.69,43.34,28.95,8.36,0.83,None,1350
2023-08-28,P98765,Europe,477,188,134,883,0.79,57.11,21.88,5.49,1.02,None,1090
2023-08-29,P98765,Europe,998,240,142,1190,0.7,57.45,17.72,4.92,1.0,Strike,1711
2023-08-30,P98765,Asia,657,198,194,841,0.92,61.44,19.54,8.61,1.37,Strike,1574
2023-08-31,P98765,Europe,626,101,190,1314,0.68,47.21,15.76,5.64,0.86,Weather Disruption,1381
2023-09-01,P98765,Asia,252,232,110,1463,0.91,53.31,22.02,9.32,1.36,Weather Disruption,1558
2023-09-02,P98765,Europe,833,166,148,1487,0.8,48.47,27.8,3.49,1.27,None,2164
2023-09-03,P98765,Europe,305,75,137,1343,0.89,42.43,29.0,3.41,1.31,Weather Disruption,1557
2023-09-04,P98765,Europe,554,245,163,537,0.85,66.3,28.99,9.49,1.1,None,943
2023-09-05,P98765,Asia,372,83,168,1010,0.84,61.87,16.88,7.54,1.28,None,1283
2023-09-06,P98765,Asia,993,101,107,919,0.71,49.04,20.73,5.66,1.23,Weather Disruption,1823
2023-09-07,P98765,North America,335,161,133,1250,0.68,57.98,15.42,8.29,1.34,Weather Disruption,1218
